0,wrd_length,total_char,syl_count,syl_sum,sentiment,cluster_20,cluster_3_syl,cluster_3no_syl,cluster_5
     THE YELLOW WALLPAPER  By Charlotte Perkins Gilman     It is very seldom that mere ordinary people like John and myself secure ancestral halls for the summer.,"[3, 6, 9, 2, 9, 7, 6, 2, 2, 4, 6, 4, 4, 8, 6, 4, 4, 3, 6, 6, 9, 5, 3, 3, 6]",127,"[1, 2, 3, 1, 2, 2, 2, 1, 1, 2, 2, 1, 1, 4, 1, 1, 1, 1, 2, 2, 3, 1, 1, 1, 2]",41,-0.03,1,1,1,1
"A colonial mansion, a hereditary estate, I would say a haunted house, and reach the height of romantic felicity--but that would be asking too much of fate!","[1, 8, 7, 1, 10, 6, 1, 5, 3, 1, 7, 5, 3, 5, 3, 6, 2, 8, 8, 3, 4, 5, 2, 6, 3, 4, 2, 4]",123,"[1, 4, 2, 1, 5, 2, 1, 1, 1, 1, 1, 1, 1, 2, 1, 1, 1, 3, 4, 1, 1, 1, 1, 2, 1, 1, 1, 1]",44,0.125,19,1,1,1
Still I will proudly declare that there is something queer about it.,"[5, 1, 4, 7, 7, 4, 5, 2, 9, 5, 5, 2]",56,"[1, 1, 1, 2, 2, 1, 1, 1, 3, 1, 2, 1]",17,0.8,18,2,2,0
"Else, why should it be let so cheaply?","[4, 3, 6, 2, 2, 3, 2, 7]",29,"[1, 1, 1, 1, 1, 1, 1, 3]",10,0.4,16,2,2,0
And why have stood so long untenanted?,"[3, 3, 4, 5, 2, 4, 10]",31,"[1, 1, 1, 1, 1, 1, 3]",9,-0.05,17,0,0,3
"John laughs at me, of course, but one expects that in marriage.","[4, 6, 2, 2, 2, 6, 3, 3, 7, 4, 2, 8]",49,"[1, 1, 1, 1, 1, 1, 1, 1, 2, 1, 1, 3]",15,0.0,14,0,0,3
John is practical in the extreme.,"[4, 2, 9, 2, 3, 7]",27,"[1, 1, 3, 1, 1, 2]",9,-0.125,17,0,0,3
"He has no patience with faith, an intense horror of superstition, and he scoffs openly at any talk of things not to be felt and seen and put down in figures.","[2, 3, 2, 8, 4, 5, 2, 7, 6, 2, 12, 3, 2, 6, 6, 2, 3, 4, 2, 6, 3, 2, 2, 4, 3, 4, 3, 3, 4, 2, 7]",124,"[1, 1, 1, 3, 1, 1, 1, 2, 2, 1, 4, 1, 1, 1, 3, 1, 2, 1, 1, 1, 1, 1, 1, 1, 1, 1, 1, 1, 1, 1, 2]",42,0.0148148148148,1,1,1,1
"John is a physician, and PERHAPS--(I would not say it to a living soul, of course, but this is dead paper and a great relief to my mind)--PERHAPS that is one reason I do not get well faster.","[4, 2, 1, 9, 3, 7, 1, 5, 3, 3, 2, 2, 1, 6, 4, 2, 6, 3, 4, 2, 4, 5, 3, 1, 5, 6, 2, 2, 4, 7, 4, 2, 3, 6, 1, 2, 3, 3, 4, 6]",143,"[1, 1, 1, 4, 1, 2, 1, 1, 1, 1, 1, 1, 1, 2, 1, 1, 1, 1, 1, 1, 2, 2, 1, 1, 2, 3, 1, 1, 1, 2, 1, 1, 1, 3, 1, 1, 1, 1, 1, 2]",54,0.3,12,1,1,1
You see he does not believe I am sick!,"[3, 3, 2, 4, 3, 7, 1, 2, 4]",29,"[1, 1, 1, 0, 1, 3, 1, 1, 1]",10,-0.892857142857,11,0,0,4
And what can one do?,"[3, 4, 3, 3, 2]",15,"[1, 1, 1, 1, 1]",5,0.0,0,0,0,3
"If a physician of high standing, and one's own husband, assures friends and relatives that there is really nothing the matter with one but temporary nervous depression--a slight hysterical tendency--what is one to do?","[2, 1, 9, 2, 4, 8, 3, 3, 2, 3, 7, 7, 7, 3, 9, 4, 5, 2, 6, 7, 3, 6, 4, 3, 3, 9, 7, 10, 1, 6, 10, 8, 4, 2, 3, 2, 2]",177,"[1, 1, 4, 1, 1, 2, 1, 1, 0, 1, 2, 2, 2, 1, 3, 1, 1, 1, 3, 2, 1, 2, 1, 1, 1, 4, 2, 3, 1, 1, 4, 3, 1, 1, 1, 1, 1]",60,-0.0413333333333,5,1,1,1
"My brother is also a physician, and also of high standing, and he says the same thing.","[2, 7, 2, 4, 1, 9, 3, 4, 2, 4, 8, 3, 2, 4, 3, 4, 5]",67,"[1, 2, 1, 2, 1, 4, 1, 2, 1, 1, 2, 1, 1, 1, 1, 1, 1]",24,0.08,2,0,0,2
"So I take phosphates or phosphites--whichever it is, and tonics, and journeys, and air, and exercise, and am absolutely forbidden to ""work"" until I am well again.","[2, 1, 4, 10, 2, 10, 9, 2, 2, 3, 6, 3, 8, 3, 3, 3, 8, 3, 2, 10, 9, 2, 4, 5, 1, 2, 4, 5]",126,"[1, 1, 1, 2, 1, 2, 3, 1, 1, 1, 2, 1, 2, 1, 1, 1, 3, 1, 1, 5, 3, 1, 1, 2, 1, 1, 1, 2]",44,0.2,19,1,1,1
"Personally, I disagree with their ideas.","[10, 1, 8, 4, 5, 5]",33,"[4, 1, 3, 1, 1, 3]",13,0.0,17,0,0,3
"Personally, I believe that congenial work, with excitement and change, would do me good.","[10, 1, 7, 4, 9, 4, 4, 10, 3, 6, 5, 2, 2, 4]",71,"[4, 1, 3, 1, 4, 1, 1, 4, 1, 1, 1, 1, 1, 1]",25,0.35,7,2,2,2
But what is one to do?,"[3, 4, 2, 3, 2, 2]",16,"[1, 1, 1, 1, 1, 1]",6,0.0,0,0,0,3
"I did write for a while in spite of them; but it DOES exhaust me a good deal--having to be so sly about it, or else meet with heavy opposition.","[1, 3, 5, 3, 1, 5, 2, 5, 2, 4, 3, 2, 4, 7, 2, 1, 4, 4, 6, 2, 2, 2, 3, 5, 2, 2, 4, 4, 4, 5, 10]",109,"[1, 1, 1, 1, 1, 1, 1, 1, 1, 1, 1, 1, 0, 2, 1, 1, 1, 2, 2, 1, 1, 1, 1, 2, 1, 1, 1, 1, 1, 3, 4]",39,0.25,19,1,1,1
"I sometimes fancy that in my condition if I had less opposition and more society and stimulus--but John says the very worst thing I can do is to think about my condition, and I confess it always makes me feel bad.","[1, 9, 5, 4, 2, 2, 9, 2, 1, 3, 4, 10, 3, 4, 7, 3, 8, 3, 4, 4, 3, 4, 5, 5, 1, 3, 2, 2, 2, 5, 5, 2, 9, 3, 1, 7, 2, 6, 5, 2, 4, 3]",169,"[1, 3, 2, 1, 1, 1, 3, 1, 1, 1, 1, 4, 1, 1, 4, 1, 3, 1, 1, 1, 1, 2, 1, 1, 1, 1, 1, 1, 1, 1, 2, 1, 3, 1, 1, 2, 1, 2, 1, 1, 1, 1]",61,-0.341666666667,5,1,1,1
So I will let it alone and talk about the house.,"[2, 1, 4, 3, 2, 5, 3, 4, 5, 3, 5]",37,"[1, 1, 1, 1, 1, 2, 1, 1, 2, 1, 1]",13,0.0,17,0,0,3
The most beautiful place!,"[3, 4, 9, 5]",21,"[1, 1, 4, 1]",7,0.75,3,2,2,0
"It is quite alone, standing well back from the road, quite three miles from the village.","[2, 2, 5, 5, 8, 4, 4, 4, 3, 4, 5, 5, 5, 4, 3, 7]",70,"[1, 1, 1, 2, 2, 1, 1, 1, 1, 1, 1, 1, 1, 1, 1, 2]",19,0.0,2,0,0,2
"It makes me think of English places that you read about, for there are hedges and walls and gates that lock, and lots of separate little houses for the gardeners and people.","[2, 5, 2, 5, 2, 7, 6, 4, 3, 4, 5, 3, 5, 3, 6, 3, 5, 3, 5, 4, 4, 3, 4, 2, 8, 6, 6, 3, 3, 9, 3, 6]",139,"[1, 1, 1, 1, 1, 2, 1, 1, 1, 2, 2, 1, 1, 1, 1, 1, 1, 1, 1, 1, 1, 1, 1, 1, 3, 1, 1, 1, 1, 3, 1, 1]",39,-0.09375,1,1,1,1
There is a DELICIOUS garden!,"[5, 2, 1, 9, 6]",23,"[1, 1, 1, 3, 2]",8,1.0,3,2,2,0
"I never saw such a garden--large and shady, full of box-bordered paths, and lined with long grape-covered arbors with seats under them.","[1, 5, 3, 4, 1, 6, 5, 3, 5, 4, 2, 12, 5, 3, 5, 4, 4, 13, 6, 4, 5, 5, 4]",109,"[1, 2, 1, 1, 1, 2, 1, 1, 2, 1, 1, 3, 1, 1, 1, 1, 1, 4, 2, 1, 2, 2, 1]",34,0.0125,15,1,1,2
"There were greenhouses, too, but they are all broken now.","[5, 4, 11, 3, 3, 4, 3, 3, 6, 3]",45,"[1, 1, 2, 1, 1, 1, 1, 1, 2, 1]",12,-0.4,4,0,0,4
"There was some legal trouble, I believe, something about the heirs and coheirs; anyhow, the place has been empty for years.","[5, 3, 4, 5, 7, 1, 7, 9, 5, 3, 5, 3, 7, 6, 3, 5, 3, 4, 5, 3, 5]",98,"[1, 1, 1, 2, 1, 1, 3, 3, 2, 1, 1, 1, 2, 3, 1, 1, 1, 1, 2, 1, 2]",32,-0.0333333333333,15,1,1,2
"That spoils my ghostliness, I am afraid, but I don't care--there is something strange about the house--I can feel it.","[4, 6, 2, 11, 1, 2, 6, 3, 1, 2, 3, 4, 5, 2, 9, 7, 5, 3, 5, 1, 3, 4, 2]",91,"[1, 1, 1, 3, 1, 1, 2, 1, 1, 1, 0, 1, 1, 1, 3, 1, 2, 1, 1, 1, 1, 1, 1]",28,-0.325,10,1,1,2
"I even said so to John one moonlight evening, but he said what I felt was a DRAUGHT, and shut the window.","[1, 4, 4, 2, 2, 4, 3, 9, 7, 3, 2, 4, 4, 1, 4, 3, 1, 7, 3, 4, 3, 6]",81,"[1, 2, 1, 1, 1, 1, 1, 2, 3, 1, 1, 1, 1, 1, 1, 1, 1, 1, 1, 1, 1, 2]",27,0.0,2,1,1,2
I get unreasonably angry with John sometimes.,"[1, 3, 12, 5, 4, 4, 9]",38,"[1, 1, 6, 2, 1, 1, 3]",15,-0.5,4,0,0,4
I'm sure I never used to be so sensitive.,"[1, 2, 4, 1, 5, 4, 2, 2, 2, 9]",32,"[1, 0, 1, 1, 2, 1, 1, 1, 1, 3]",12,0.3,16,2,2,0
I think it is due to this nervous condition.,"[1, 5, 2, 2, 3, 2, 4, 7, 9]",35,"[1, 1, 1, 1, 0, 1, 1, 2, 3]",11,-0.125,17,0,0,3
"But John says if I feel so, I shall neglect proper self-control; so I take pains to control myself--before him, at least, and that makes me very tired.","[3, 4, 4, 2, 1, 4, 2, 1, 5, 7, 6, 12, 2, 1, 4, 5, 2, 7, 6, 6, 3, 2, 5, 3, 4, 5, 2, 4, 5]",117,"[1, 1, 1, 1, 1, 1, 1, 1, 1, 2, 2, 3, 1, 1, 1, 1, 1, 2, 2, 2, 1, 1, 2, 1, 1, 1, 1, 2, 1]",38,-0.273333333333,1,1,1,1
I don't like our room a bit.,"[1, 2, 3, 4, 3, 4, 1, 3]",21,"[1, 1, 0, 1, 1, 1, 1, 1]",7,0.0,0,0,0,3
"I wanted one downstairs that opened on the piazza and had roses all over the window, and such pretty old-fashioned chintz hangings!","[1, 6, 3, 10, 4, 6, 2, 3, 6, 3, 3, 5, 3, 4, 3, 6, 3, 4, 6, 13, 6, 8]",108,"[1, 1, 1, 2, 1, 2, 1, 1, 3, 1, 1, 1, 1, 2, 1, 2, 1, 1, 2, 3, 1, 2]",32,0.15625,15,1,1,2
but John would not hear of it.,"[3, 4, 5, 3, 4, 2, 2]",23,"[1, 1, 1, 1, 2, 1, 1]",8,0.0,17,0,0,3
"He said there was only one window and not room for two beds, and no near room for him if he took another.","[2, 4, 5, 3, 4, 3, 6, 3, 3, 4, 3, 3, 4, 3, 2, 4, 4, 3, 3, 2, 2, 4, 7]",81,"[1, 1, 1, 1, 2, 1, 2, 1, 1, 1, 1, 1, 1, 1, 1, 2, 1, 1, 1, 1, 1, 1, 3]",28,-0.025,2,1,1,2
"He is very careful and loving, and hardly lets me stir without special direction.","[2, 2, 4, 7, 3, 6, 3, 6, 4, 2, 4, 7, 7, 9]",66,"[1, 1, 2, 3, 1, 2, 1, 2, 1, 1, 1, 2, 3, 3]",24,0.133869047619,2,2,2,2
"I have a schedule prescription for each hour in the day; he takes all care from me, and so I feel basely ungrateful not to value it more.","[1, 4, 1, 8, 12, 3, 4, 4, 2, 3, 3, 2, 5, 3, 4, 4, 2, 3, 2, 1, 4, 6, 10, 3, 2, 5, 2, 4]",107,"[1, 1, 1, 2, 3, 1, 2, 1, 1, 1, 1, 1, 1, 1, 1, 1, 1, 1, 1, 1, 1, 3, 4, 1, 1, 1, 1, 1]",37,-0.15,1,1,1,2
"He said we came here solely on my account, that I was to have perfect rest and all the air I could get.","[2, 4, 2, 4, 4, 6, 2, 2, 7, 4, 1, 3, 2, 4, 7, 4, 3, 3, 3, 3, 1, 5, 3]",79,"[1, 1, 1, 1, 1, 3, 1, 1, 2, 1, 1, 1, 1, 1, 2, 1, 1, 1, 1, 1, 1, 1, 1]",27,1.0,18,2,2,0
"""Your exercise depends on your strength, my dear,"" said he, ""and your food somewhat on your appetite; but air you can absorb all the time.""","[4, 8, 7, 2, 4, 8, 2, 4, 4, 2, 3, 4, 4, 8, 2, 4, 8, 3, 3, 3, 3, 6, 3, 3, 4]",106,"[1, 3, 2, 1, 1, 1, 1, 2, 1, 1, 1, 1, 1, 3, 1, 1, 3, 1, 1, 1, 1, 2, 1, 1, 1]",34,0.0,15,1,1,2
So we took the nursery at the top of the house.,"[2, 2, 4, 3, 7, 2, 3, 3, 2, 3, 5]",36,"[1, 1, 1, 1, 3, 1, 1, 1, 1, 1, 1]",13,0.5,9,2,2,0
"It is a big, airy room, the whole floor nearly, with windows that look all ways, and air and sunshine galore.","[2, 2, 1, 3, 4, 4, 3, 5, 5, 6, 4, 7, 4, 4, 3, 4, 3, 3, 3, 8, 6]",84,"[1, 1, 1, 1, 2, 1, 1, 1, 1, 3, 1, 2, 1, 1, 1, 1, 1, 1, 1, 2, 2]",27,0.1,15,1,1,2
"It was nursery first and then playroom and gymnasium, I should judge; for the windows are barred for little children, and there are rings and things in the walls.","[2, 3, 7, 5, 3, 4, 8, 3, 9, 1, 6, 5, 3, 3, 7, 3, 6, 3, 6, 8, 3, 5, 3, 5, 3, 6, 2, 3, 5]",130,"[1, 1, 3, 1, 1, 1, 2, 1, 3, 1, 1, 1, 1, 1, 2, 1, 1, 1, 1, 2, 1, 1, 1, 1, 1, 1, 1, 1, 1]",36,0.03125,1,1,1,1
The paint and paper look as if a boys' school had used it.,"[3, 5, 3, 5, 4, 2, 2, 1, 4, 6, 3, 4, 2]",44,"[1, 1, 1, 2, 1, 1, 1, 1, 1, 1, 1, 1, 1]",14,0.0,14,0,0,3
"It is stripped off--the paper--in great patches all around the head of my bed, about as far as I can reach, and in a great place on the other side of the room low down.","[2, 2, 8, 3, 3, 5, 2, 5, 7, 3, 6, 3, 4, 2, 2, 3, 5, 2, 3, 2, 1, 3, 5, 3, 2, 1, 5, 5, 2, 3, 5, 4, 2, 3, 4, 3, 4]",127,"[1, 1, 1, 1, 1, 2, 1, 2, 1, 1, 2, 1, 2, 1, 1, 0, 2, 1, 1, 1, 1, 1, 2, 1, 1, 1, 2, 1, 1, 1, 2, 1, 1, 1, 1, 1, 1]",44,0.236574074074,19,1,1,1
I never saw a worse paper in my life.,"[1, 5, 3, 1, 5, 5, 2, 2, 4]",28,"[1, 2, 1, 1, 1, 2, 1, 1, 1]",11,-0.4,4,0,0,4
One of those sprawling flamboyant patterns committing every artistic sin.,"[3, 2, 5, 9, 10, 8, 10, 5, 8, 3]",63,"[1, 1, 1, 2, 3, 2, 3, 3, 3, 1]",20,0.333333333333,9,2,2,0
"It is dull enough to confuse the eye in following, pronounced enough to constantly irritate and provoke study, and when you follow the lame uncertain curves for a little distance they suddenly commit suicide--plunge off at outrageous angles, destroy themselves in unheard of contradictions.","[2, 2, 4, 6, 2, 7, 3, 3, 2, 9, 10, 6, 2, 10, 8, 3, 7, 5, 3, 4, 3, 6, 3, 4, 9, 6, 3, 1, 6, 8, 4, 8, 6, 7, 6, 3, 2, 10, 6, 7, 10, 2, 7, 2, 14]",241,"[1, 1, 1, 2, 1, 2, 1, 0, 1, 3, 2, 2, 1, 3, 3, 1, 2, 2, 1, 1, 1, 2, 1, 1, 3, 1, 1, 1, 1, 2, 1, 3, 2, 2, 1, 1, 1, 3, 1, 2, 2, 1, 3, 1, 4]",73,-0.217916666667,13,1,1,1
"The color is repellent, almost revolting; a smouldering unclean yellow, strangely faded by the slow-turning sunlight.","[3, 5, 2, 9, 6, 9, 1, 11, 7, 6, 9, 5, 2, 3, 12, 8]",98,"[1, 2, 1, 3, 2, 3, 1, 3, 3, 2, 3, 1, 1, 1, 3, 2]",32,-0.316666666667,10,1,1,2
"It is a dull yet lurid orange in some places, a sickly sulphur tint in others.","[2, 2, 1, 4, 3, 5, 6, 2, 4, 6, 1, 6, 7, 4, 2, 6]",61,"[1, 1, 1, 1, 1, 2, 2, 1, 1, 1, 1, 2, 2, 1, 1, 2]",21,-0.502976190476,6,0,0,4
No wonder the children hated it!,"[2, 6, 3, 8, 5, 2]",26,"[1, 2, 1, 2, 1, 1]",8,-1.0,11,0,0,4
I should hate it myself if I had to live in this room long.,"[1, 6, 4, 2, 6, 2, 1, 3, 2, 4, 2, 4, 4, 4]",45,"[1, 1, 1, 1, 2, 1, 1, 1, 1, 1, 1, 1, 1, 1]",15,-0.237878787879,6,0,0,3
"There comes John, and I must put this away,--he hates to have me write a word.","[5, 5, 4, 3, 1, 4, 3, 4, 4, 2, 5, 2, 4, 2, 5, 1, 4]",58,"[1, 1, 1, 1, 1, 1, 1, 1, 2, 1, 1, 1, 1, 1, 1, 1, 1]",18,0.0,14,0,0,3
"We have been here two weeks, and I haven't felt like writing before, since that first day.","[2, 4, 4, 4, 3, 5, 3, 1, 4, 3, 4, 4, 7, 6, 5, 4, 5, 3]",71,"[1, 1, 1, 1, 1, 1, 1, 1, 1, 0, 1, 1, 2, 2, 1, 1, 1, 1]",19,0.25,8,2,2,2
"I am sitting by the window now, up in this atrocious nursery, and there is nothing to hinder my writing as much as I please, save lack of strength.","[1, 2, 7, 2, 3, 6, 3, 2, 2, 4, 9, 7, 3, 5, 2, 7, 2, 6, 2, 7, 2, 4, 2, 1, 6, 4, 4, 2, 8]",115,"[1, 1, 2, 1, 1, 2, 1, 1, 1, 1, 3, 3, 1, 1, 1, 2, 1, 2, 1, 2, 1, 1, 1, 1, 2, 1, 1, 1, 1]",39,-0.25,1,1,1,1
"John is away all day, and even some nights when his cases are serious.","[4, 2, 4, 3, 3, 3, 4, 4, 6, 4, 3, 5, 3, 7]",55,"[1, 1, 2, 1, 1, 1, 2, 1, 1, 1, 1, 1, 1, 2]",17,-0.333333333333,6,0,0,4
I am glad my case is not serious!,"[1, 2, 4, 2, 4, 2, 3, 7]",25,"[1, 1, 1, 1, 1, 1, 1, 2]",9,0.354166666667,16,2,2,0
But these nervous troubles are dreadfully depressing.,"[3, 5, 7, 8, 3, 10, 10]",46,"[1, 1, 2, 1, 1, 4, 3]",13,-0.6,4,0,0,4
John does not know how much I really suffer.,"[4, 4, 3, 4, 3, 4, 1, 6, 6]",35,"[1, 0, 1, 1, 1, 1, 1, 3, 2]",11,0.2,16,0,0,3
"He knows there is no REASON to suffer, and that satisfies him.","[2, 5, 5, 2, 2, 6, 2, 6, 3, 4, 9, 3]",49,"[1, 1, 1, 1, 1, 3, 1, 2, 1, 1, 3, 1]",17,0.0,14,0,0,3
Of course it is only nervousness.,"[2, 6, 2, 2, 4, 11]",27,"[1, 1, 1, 1, 2, 3]",9,0.0,17,0,0,3
It does weigh on me so not to do my duty in any way!,"[2, 4, 5, 2, 2, 2, 3, 2, 2, 2, 4, 2, 3, 3]",38,"[1, 0, 1, 1, 1, 1, 1, 1, 1, 1, 2, 1, 2, 1]",15,0.0,14,0,0,3
"I meant to be such a help to John, such a real rest and comfort, and here I am a comparative burden already!","[1, 5, 2, 2, 4, 1, 4, 2, 4, 4, 1, 4, 4, 3, 7, 3, 4, 1, 2, 1, 11, 6, 7]",83,"[1, 2, 1, 1, 1, 1, 1, 1, 1, 1, 1, 2, 1, 1, 2, 1, 1, 1, 1, 1, 4, 2, 4]",33,0.0833333333333,15,1,1,2
"Nobody would believe what an effort it is to do what little I am able,--to dress and entertain, and order things.","[6, 5, 7, 4, 2, 6, 2, 2, 2, 2, 4, 6, 1, 2, 4, 2, 5, 3, 9, 3, 5, 6]",88,"[3, 1, 3, 1, 1, 2, 1, 1, 1, 1, 1, 1, 1, 1, 1, 1, 1, 1, 3, 1, 2, 1]",30,-0.1875,10,1,1,2
It is fortunate Mary is so good with the baby.,"[2, 2, 9, 4, 2, 2, 4, 4, 3, 4]",36,"[1, 1, 3, 2, 1, 1, 1, 1, 1, 2]",14,0.55,9,2,2,0
Such a dear baby!,"[4, 1, 4, 4]",13,"[1, 1, 2, 2]",6,0.0,0,0,0,3
"And yet I CANNOT be with him, it makes me so nervous.","[3, 3, 1, 3, 3, 2, 4, 3, 2, 5, 2, 2, 7]",40,"[1, 1, 1, 1, 1, 1, 1, 1, 1, 1, 1, 1, 2]",14,0.0,14,0,0,3
I suppose John never was nervous in his life.,"[1, 7, 4, 5, 3, 7, 2, 3, 4]",36,"[1, 2, 1, 2, 1, 2, 1, 1, 1]",12,0.0,17,0,0,3
He laughs at me so about this wall-paper!,"[2, 6, 2, 2, 2, 5, 4, 10]",33,"[1, 1, 1, 1, 1, 2, 1, 3]",11,0.0,17,0,0,3
"At first he meant to repaper the room, but afterwards he said that I was letting it get the better of me, and that nothing was worse for a nervous patient than to give way to such fancies.","[2, 5, 2, 5, 2, 7, 3, 4, 3, 10, 2, 4, 4, 1, 3, 7, 2, 3, 3, 6, 2, 2, 3, 4, 7, 3, 5, 3, 1, 7, 7, 4, 2, 4, 3, 2, 4, 7]",148,"[1, 1, 1, 2, 1, 3, 1, 1, 1, 3, 1, 1, 1, 1, 1, 2, 1, 1, 1, 2, 1, 1, 1, 1, 2, 1, 1, 1, 1, 2, 3, 1, 1, 1, 1, 1, 1, 2]",50,0.0875,12,1,1,1
"He said that after the wall-paper was changed it would be the heavy bedstead, and then the barred windows, and then that gate at the head of the stairs, and so on.","[2, 4, 4, 5, 3, 10, 3, 7, 2, 5, 2, 3, 5, 8, 3, 4, 3, 6, 7, 3, 4, 4, 4, 2, 3, 4, 2, 3, 6, 3, 2, 2]",128,"[1, 1, 1, 2, 1, 3, 1, 1, 1, 1, 1, 1, 3, 3, 1, 1, 1, 1, 2, 1, 1, 1, 1, 1, 1, 2, 1, 1, 1, 1, 1, 1]",41,-0.2,1,1,1,1
"""You know the place is doing you good,"" he said, ""and really, dear, I don't care to renovate the house just for a three months' rental.""","[3, 4, 3, 5, 2, 5, 3, 4, 2, 4, 3, 6, 4, 1, 2, 3, 4, 2, 8, 3, 5, 4, 3, 1, 5, 6, 6]",101,"[1, 1, 1, 1, 1, 1, 1, 1, 1, 1, 1, 3, 2, 1, 1, 0, 1, 1, 3, 1, 1, 1, 1, 1, 1, 1, 2]",32,0.45,7,1,1,2
"""Then do let us go downstairs,"" I said, ""there are such pretty rooms there.""","[4, 2, 3, 2, 2, 10, 1, 4, 5, 3, 4, 6, 5, 5]",56,"[1, 1, 1, 1, 1, 2, 1, 1, 1, 1, 1, 2, 1, 1]",16,0.125,8,0,0,3
"Then he took me in his arms and called me a blessed little goose, and said he would go down to the cellar, if I wished, and have it whitewashed into the bargain.","[4, 2, 4, 2, 2, 3, 4, 3, 6, 2, 1, 7, 6, 5, 3, 4, 2, 5, 2, 4, 2, 3, 6, 2, 1, 6, 3, 4, 2, 11, 4, 3, 7]",125,"[1, 1, 1, 1, 1, 1, 1, 1, 1, 1, 1, 1, 1, 1, 1, 1, 1, 1, 1, 1, 1, 1, 2, 1, 1, 1, 1, 1, 1, 3, 2, 1, 2]",38,-0.171527777778,1,1,1,1
But he is right enough about the beds and windows and things.,"[3, 2, 2, 5, 6, 5, 3, 4, 3, 7, 3, 6]",49,"[1, 1, 1, 1, 2, 2, 1, 1, 1, 2, 1, 1]",15,0.142857142857,8,0,0,3
"It is an airy and comfortable room as any one need wish, and, of course, I would not be so silly as to make him uncomfortable just for a whim.","[2, 2, 2, 4, 3, 11, 4, 2, 3, 3, 4, 4, 3, 2, 6, 1, 5, 3, 2, 2, 5, 2, 2, 4, 3, 13, 4, 3, 1, 4]",109,"[1, 1, 1, 2, 1, 3, 1, 1, 2, 1, 0, 1, 1, 1, 1, 1, 1, 1, 1, 1, 2, 1, 1, 1, 1, 4, 1, 1, 1, 1]",37,-0.2,1,1,1,2
"I'm really getting quite fond of the big room, all but that horrid paper.","[1, 2, 6, 7, 5, 4, 2, 3, 3, 4, 3, 3, 4, 6, 5]",58,"[1, 0, 3, 2, 1, 1, 1, 1, 1, 1, 1, 1, 1, 2, 2]",19,0.1,8,0,0,3
"Out of one window I can see the garden, those mysterious deepshaded arbors, the riotous old-fashioned flowers, and bushes and gnarly trees.","[3, 2, 3, 6, 1, 3, 3, 3, 6, 5, 10, 10, 6, 3, 7, 13, 7, 3, 6, 3, 6, 5]",114,"[1, 1, 1, 2, 1, 1, 1, 1, 2, 1, 3, 2, 2, 1, 2, 3, 2, 1, 1, 1, 2, 0]",32,0.0,15,1,1,2
Out of another I get a lovely view of the bay and a little private wharf belonging to the estate.,"[3, 2, 7, 1, 3, 1, 6, 4, 2, 3, 3, 3, 1, 6, 7, 5, 9, 2, 3, 6]",77,"[1, 1, 3, 1, 1, 1, 3, 2, 1, 1, 1, 1, 1, 1, 2, 1, 3, 1, 1, 2]",29,0.104166666667,15,1,1,2
There is a beautiful shaded lane that runs down there from the house.,"[5, 2, 1, 9, 6, 4, 4, 4, 4, 5, 4, 3, 5]",56,"[1, 1, 1, 4, 1, 1, 1, 1, 1, 1, 1, 1, 1]",16,0.347222222222,9,2,2,0
"I always fancy I see people walking in these numerous paths and arbors, but John has cautioned me not to give way to fancy in the least.","[1, 6, 5, 1, 3, 6, 7, 2, 5, 8, 5, 3, 6, 3, 4, 3, 9, 2, 3, 2, 4, 3, 2, 5, 2, 3, 5]",108,"[1, 2, 2, 1, 1, 1, 2, 1, 1, 3, 1, 1, 2, 1, 1, 1, 2, 1, 1, 1, 1, 1, 1, 2, 1, 1, 2]",36,-0.15,1,1,1,2
"He says that with my imaginative power and habit of story-making, a nervous weakness like mine is sure to lead to all manner of excited fancies, and that I ought to use my will and good sense to check the tendency.","[2, 4, 4, 4, 2, 11, 5, 3, 5, 2, 12, 1, 7, 8, 4, 4, 2, 4, 2, 4, 2, 3, 6, 2, 7, 7, 3, 4, 1, 5, 2, 3, 2, 4, 3, 4, 5, 2, 5, 3, 8]",171,"[1, 1, 1, 1, 1, 5, 2, 1, 2, 1, 4, 1, 2, 3, 1, 1, 1, 1, 1, 2, 1, 1, 2, 1, 2, 2, 1, 1, 1, 1, 1, 1, 1, 1, 1, 1, 1, 1, 1, 1, 3]",59,0.54375,12,1,1,1
So I try.,"[2, 1, 3]",6,"[1, 1, 1]",3,0.0,0,0,0,3
I think sometimes that if I were only well enough to write a little it would relieve the press of ideas and rest me.,"[1, 5, 9, 4, 2, 1, 4, 4, 4, 6, 2, 5, 1, 6, 2, 5, 7, 3, 5, 2, 5, 3, 4, 2]",92,"[1, 1, 3, 1, 1, 1, 1, 2, 1, 2, 1, 1, 1, 1, 1, 1, 3, 1, 1, 1, 3, 1, 1, 1]",32,-0.0625,15,1,1,2
But I find I get pretty tired when I try.,"[3, 1, 4, 1, 3, 6, 5, 4, 1, 3]",31,"[1, 1, 1, 1, 1, 2, 1, 1, 1, 1]",11,-0.075,17,0,0,3
It is so discouraging not to have any advice and companionship about my work.,"[2, 2, 2, 12, 3, 2, 4, 3, 6, 3, 13, 5, 2, 4]",63,"[1, 1, 1, 4, 1, 1, 1, 2, 2, 1, 4, 2, 1, 1]",23,0.0,2,0,0,2
"When I get really well, John says we will ask Cousin Henry and Julia down for a long visit; but he says he would as soon put fireworks in my pillow-case as to let me have those stimulating people about now.","[4, 1, 3, 6, 4, 4, 4, 2, 4, 3, 6, 5, 3, 5, 4, 3, 1, 4, 5, 3, 2, 4, 2, 5, 2, 4, 3, 9, 2, 2, 11, 2, 2, 3, 2, 4, 5, 11, 6, 5, 3]",163,"[1, 1, 1, 3, 1, 1, 1, 1, 1, 1, 2, 2, 1, 3, 1, 1, 1, 1, 2, 1, 1, 1, 1, 1, 1, 1, 1, 3, 1, 1, 3, 1, 1, 1, 1, 1, 1, 4, 1, 2, 1]",56,-0.00185185185185,5,1,1,1
I wish I could get well faster.,"[1, 4, 1, 5, 3, 4, 6]",24,"[1, 1, 1, 1, 1, 1, 2]",8,0.0,17,0,0,3
But I must not think about that.,"[3, 1, 4, 3, 5, 5, 4]",25,"[1, 1, 1, 1, 1, 2, 1]",8,0.0,17,0,0,3
This paper looks to me as if it KNEW what a vicious influence it had!,"[4, 5, 5, 2, 2, 2, 2, 2, 4, 4, 1, 7, 9, 2, 3]",54,"[1, 2, 1, 1, 1, 1, 1, 1, 1, 1, 1, 2, 2, 1, 1]",18,-1.0,11,0,0,4
There is a recurrent spot where the pattern lolls like a broken neck and two bulbous eyes stare at you upside down.,"[5, 2, 1, 9, 4, 5, 3, 7, 5, 4, 1, 6, 4, 3, 3, 7, 4, 5, 2, 3, 6, 4]",93,"[1, 1, 1, 3, 1, 1, 1, 2, 1, 1, 1, 2, 1, 1, 1, 2, 0, 1, 1, 1, 2, 1]",27,-0.277777777778,10,1,1,2
I get positively angry with the impertinence of it and the everlastingness.,"[1, 3, 10, 5, 4, 3, 12, 2, 2, 3, 3, 15]",63,"[1, 1, 5, 2, 1, 1, 4, 1, 1, 1, 1, 5]",24,-0.5,6,0,0,4
"Up and down and sideways they crawl, and those absurd, unblinking eyes are everywhere.","[2, 3, 4, 3, 8, 4, 5, 3, 5, 6, 10, 4, 3, 10]",70,"[1, 1, 1, 1, 3, 1, 1, 1, 1, 2, 3, 0, 1, 4]",21,-0.118518518519,2,0,0,2
"There is one place where two breadths didn't match, and the eyes go all up and down the line, one a little higher than the other.","[5, 2, 3, 5, 5, 3, 8, 3, 3, 5, 3, 3, 4, 2, 3, 2, 3, 4, 3, 4, 3, 1, 6, 6, 4, 3, 5]",101,"[1, 1, 1, 1, 1, 1, 2, 1, 0, 1, 1, 1, 0, 1, 1, 1, 1, 1, 1, 1, 1, 1, 1, 2, 1, 1, 2]",28,-0.0545138888889,15,1,1,2
"I never saw so much expression in an inanimate thing before, and we all know how much expression they have!","[1, 5, 3, 2, 4, 10, 2, 2, 9, 5, 6, 3, 2, 3, 4, 3, 4, 10, 4, 4]",86,"[1, 2, 1, 1, 1, 3, 1, 1, 4, 1, 2, 1, 1, 1, 1, 1, 1, 3, 1, 1]",29,0.225,7,1,1,2
I used to lie awake as a child and get more entertainment and terror out of blank walls and plain furniture than most children could find in a toy store.,"[1, 4, 2, 3, 5, 2, 1, 5, 3, 3, 4, 13, 3, 6, 3, 2, 5, 5, 3, 5, 9, 4, 4, 8, 5, 4, 2, 1, 3, 5]",123,"[1, 1, 1, 1, 2, 1, 1, 1, 1, 1, 1, 4, 1, 2, 1, 1, 1, 1, 1, 1, 3, 1, 1, 2, 1, 1, 1, 1, 1, 1]",38,0.196428571429,19,1,1,1
"I remember what a kindly wink the knobs of our big, old bureau used to have, and there was one chair that always seemed like a strong friend.","[1, 8, 4, 1, 6, 4, 3, 5, 2, 3, 3, 3, 6, 4, 2, 4, 3, 5, 3, 3, 5, 4, 6, 6, 4, 1, 6, 6]",111,"[1, 3, 1, 1, 2, 1, 1, 1, 1, 1, 1, 1, 3, 1, 1, 1, 1, 1, 1, 1, 1, 1, 2, 1, 1, 1, 1, 2]",35,0.283333333333,19,1,1,2
I used to feel that if any of the other things looked too fierce I could always hop into that chair and be safe.,"[1, 4, 2, 4, 4, 2, 3, 2, 3, 5, 6, 6, 3, 6, 1, 5, 6, 3, 4, 4, 5, 3, 2, 4]",88,"[1, 1, 1, 1, 1, 1, 2, 1, 1, 2, 1, 1, 1, 2, 1, 1, 2, 1, 2, 1, 1, 1, 1, 1]",29,0.1875,15,1,1,2
"The furniture in this room is no worse than inharmonious, however, for we had to bring it all from downstairs.","[3, 9, 2, 4, 4, 2, 2, 5, 4, 12, 7, 3, 2, 3, 2, 5, 2, 3, 4, 10]",88,"[1, 3, 1, 1, 1, 1, 1, 1, 1, 4, 3, 1, 1, 1, 1, 1, 1, 1, 1, 2]",28,0.2,7,1,1,2
"I suppose when this was used as a playroom they had to take the nursery things out, and no wonder!","[1, 7, 4, 4, 3, 4, 2, 1, 8, 4, 3, 2, 4, 3, 7, 6, 3, 3, 2, 6]",77,"[1, 2, 1, 1, 1, 1, 1, 1, 2, 1, 1, 1, 1, 1, 3, 1, 1, 1, 1, 2]",25,0.0,2,1,1,2
I never saw such ravages as the children have made here.,"[1, 5, 3, 4, 7, 2, 3, 8, 4, 4, 4]",45,"[1, 2, 1, 1, 2, 1, 1, 2, 1, 1, 1]",14,0.0,14,0,0,3
"The wall-paper, as I said before, is torn off in spots, and it sticketh closer than a brother--they must have had perseverance as well as hatred.","[3, 10, 2, 1, 4, 6, 2, 4, 3, 2, 5, 3, 2, 8, 6, 4, 1, 7, 4, 4, 4, 3, 12, 2, 4, 2, 6]",114,"[1, 3, 1, 1, 1, 2, 1, 1, 1, 1, 1, 1, 1, 2, 2, 1, 1, 2, 1, 1, 1, 1, 4, 1, 1, 1, 1]",36,0.0,1,1,1,2
"Then the floor is scratched and gouged and splintered, the plaster itself is dug out here and there, and this great heavy bed which is all we found in the room, looks as if it had been through the wars.","[4, 3, 5, 2, 9, 3, 6, 3, 10, 3, 7, 6, 2, 3, 3, 4, 3, 5, 3, 4, 5, 5, 3, 5, 2, 3, 2, 5, 2, 3, 4, 5, 2, 2, 2, 3, 4, 7, 3, 4]",159,"[1, 1, 1, 1, 1, 1, 1, 1, 2, 1, 2, 2, 1, 1, 1, 1, 1, 1, 1, 1, 2, 3, 0, 1, 1, 1, 1, 1, 1, 1, 1, 1, 1, 1, 1, 1, 1, 1, 1, 1]",45,0.3,12,1,1,1
But I don't mind it a bit--only the paper.,"[3, 1, 2, 3, 4, 2, 1, 3, 4, 3, 5]",31,"[1, 1, 1, 0, 1, 1, 1, 1, 2, 1, 2]",12,0.0,17,0,0,3
There comes John's sister.,"[5, 5, 4, 2, 6]",22,"[1, 1, 1, 0, 2]",5,0.0,0,0,0,3
"Such a dear girl as she is, and so careful of me!","[4, 1, 4, 4, 2, 3, 2, 3, 2, 7, 2, 2]",36,"[1, 1, 2, 1, 1, 0, 1, 1, 1, 3, 1, 1]",14,-0.0625,17,0,0,3
I must not let her find me writing.,"[1, 4, 3, 3, 3, 4, 2, 7]",27,"[1, 1, 1, 1, 1, 1, 1, 2]",9,0.0,17,0,0,3
"She is a perfect and enthusiastic housekeeper, and hopes for no better profession.","[3, 2, 1, 7, 3, 12, 11, 3, 5, 3, 2, 6, 10]",68,"[0, 1, 1, 2, 1, 5, 4, 1, 1, 1, 1, 2, 3]",23,0.45,7,2,2,0
I verily believe she thinks it is the writing which made me sick!,"[1, 6, 7, 3, 6, 2, 2, 3, 7, 5, 4, 2, 4]",52,"[1, 3, 3, 0, 1, 1, 1, 1, 2, 1, 1, 1, 1]",17,-0.892857142857,11,0,0,4
"But I can write when she is out, and see her a long way off from these windows.","[3, 1, 3, 5, 4, 3, 2, 3, 3, 3, 3, 1, 4, 3, 3, 4, 5, 7]",60,"[1, 1, 1, 1, 1, 0, 1, 1, 1, 1, 1, 1, 1, 1, 1, 1, 1, 2]",18,-0.05,14,0,0,3
"There is one that commands the road, a lovely shaded winding road, and one that just looks off over the country.","[5, 2, 3, 4, 8, 3, 4, 1, 6, 6, 7, 4, 3, 3, 4, 4, 5, 3, 4, 3, 7]",89,"[1, 1, 1, 1, 2, 1, 1, 1, 3, 1, 2, 1, 1, 1, 1, 1, 1, 1, 2, 1, 2]",27,0.5,7,2,2,0
"A lovely country, too, full of great elms and velvet meadows.","[1, 6, 7, 3, 4, 2, 5, 4, 3, 6, 7]",48,"[1, 3, 2, 1, 1, 1, 2, 1, 1, 2, 3]",18,0.55,9,2,2,0
"This wall-paper has a kind of sub-pattern in a different shade, a particularly irritating one, for you can only see it in certain lights, and not clearly then.","[4, 10, 3, 1, 4, 2, 11, 2, 1, 9, 5, 1, 12, 10, 3, 3, 3, 3, 4, 3, 2, 2, 7, 6, 3, 3, 7, 4]",128,"[1, 3, 1, 1, 1, 1, 3, 1, 1, 3, 1, 1, 5, 4, 1, 1, 1, 1, 2, 1, 1, 1, 2, 1, 1, 1, 3, 1]",45,0.0607142857143,12,1,1,1
"But in the places where it isn't faded and where the sun is just so--I can see a strange, provoking, formless sort of figure, that seems to skulk about behind that silly and conspicuous front design.","[3, 2, 3, 6, 5, 2, 2, 3, 5, 3, 5, 3, 3, 2, 4, 2, 1, 3, 3, 1, 7, 9, 8, 4, 2, 6, 4, 5, 2, 5, 5, 6, 4, 5, 3, 11, 5, 6]",158,"[1, 1, 1, 1, 1, 1, 1, 0, 1, 1, 1, 1, 1, 1, 1, 1, 1, 1, 1, 1, 1, 3, 2, 1, 1, 2, 1, 1, 1, 1, 2, 2, 1, 2, 1, 3, 1, 2]",47,-0.316666666667,5,1,1,1
There's sister on the stairs!,"[5, 2, 6, 2, 3, 6]",24,"[1, 0, 2, 1, 1, 1]",6,0.0,0,0,0,3
"Well, the Fourth of July is over!","[4, 3, 6, 2, 4, 2, 4]",25,"[1, 1, 1, 1, 2, 1, 2]",9,0.0,17,0,0,3
The people are gone and I am tired out.,"[3, 6, 3, 4, 3, 1, 2, 5, 3]",30,"[1, 1, 1, 1, 1, 1, 1, 1, 1]",9,-0.4,4,0,0,4
"John thought it might do me good to see a little company, so we just had mother and Nellie and the children down for a week.","[4, 7, 2, 5, 2, 2, 4, 2, 3, 1, 6, 7, 2, 2, 4, 3, 6, 3, 6, 3, 3, 8, 4, 3, 1, 4]",97,"[1, 1, 1, 1, 1, 1, 1, 1, 1, 1, 1, 3, 1, 1, 1, 1, 2, 1, 2, 1, 1, 2, 1, 1, 1, 1]",31,0.118981481481,15,1,1,2
Of course I didn't do a thing.,"[2, 6, 1, 3, 3, 2, 1, 5]",23,"[1, 1, 1, 1, 0, 1, 1, 1]",7,0.0,0,0,0,3
Jennie sees to everything now.,"[6, 4, 2, 10, 3]",25,"[2, 0, 1, 4, 1]",8,0.0,17,0,0,3
But it tired me all the same.,"[3, 2, 5, 2, 3, 3, 4]",22,"[1, 1, 1, 1, 1, 1, 1]",7,-0.2,0,0,0,3
John says if I don't pick up faster he shall send me to Weir Mitchell in the fall.,"[4, 4, 2, 1, 2, 3, 4, 2, 6, 2, 5, 4, 2, 2, 4, 8, 2, 3, 4]",64,"[1, 1, 1, 1, 1, 0, 1, 1, 2, 1, 1, 1, 1, 1, 1, 2, 1, 1, 1]",20,0.0,2,0,0,2
But I don't want to go there at all.,"[3, 1, 2, 3, 4, 2, 2, 5, 2, 3]",27,"[1, 1, 1, 0, 1, 1, 1, 1, 1, 1]",9,0.0,17,0,0,3
"I had a friend who was in his hands once, and she says he is just like John and my brother, only more so!","[1, 3, 1, 6, 3, 3, 2, 3, 5, 4, 3, 3, 4, 2, 2, 4, 4, 4, 3, 2, 7, 4, 4, 2]",79,"[1, 1, 1, 2, 1, 1, 1, 1, 1, 1, 1, 0, 1, 1, 1, 1, 1, 1, 1, 1, 2, 2, 1, 1]",26,0.3125,7,2,2,2
"Besides, it is such an undertaking to go so far.","[7, 2, 2, 4, 2, 11, 2, 2, 2, 3]",37,"[2, 1, 1, 1, 1, 4, 1, 1, 1, 1]",14,0.05,17,0,0,3
"I don't feel as if it was worth while to turn my hand over for anything, and I'm getting dreadfully fretful and querulous.","[1, 2, 3, 4, 2, 2, 2, 3, 5, 5, 2, 4, 2, 4, 4, 3, 8, 3, 1, 2, 7, 10, 7, 3, 9]",98,"[1, 1, 0, 1, 1, 1, 1, 1, 1, 1, 1, 1, 1, 1, 2, 1, 3, 1, 1, 0, 2, 4, 2, 1, 3]",33,-0.35,10,1,1,2
"I cry at nothing, and cry most of the time.","[1, 3, 2, 7, 3, 3, 4, 2, 3, 4]",32,"[1, 1, 1, 2, 1, 1, 1, 1, 1, 1]",11,0.5,16,2,2,0
"Of course I don't when John is here, or anybody else, but when I am alone.","[2, 6, 1, 2, 3, 4, 4, 2, 4, 2, 7, 4, 3, 4, 1, 2, 5]",56,"[1, 1, 1, 1, 0, 1, 1, 1, 1, 1, 4, 1, 1, 1, 1, 1, 2]",20,0.0,14,0,0,3
And I am alone a good deal just now.,"[3, 1, 2, 5, 1, 4, 4, 4, 3]",27,"[1, 1, 1, 2, 1, 1, 2, 1, 1]",11,0.7,3,2,2,0
"John is kept in town very often by serious cases, and Jennie is good and lets me alone when I want her to.","[4, 2, 4, 2, 4, 4, 5, 2, 7, 5, 3, 6, 2, 4, 3, 4, 2, 5, 4, 1, 4, 3, 2]",82,"[1, 1, 1, 1, 1, 2, 2, 1, 2, 1, 1, 2, 1, 1, 1, 1, 1, 2, 1, 1, 1, 1, 1]",28,0.188888888889,7,1,1,2
"So I walk a little in the garden or down that lovely lane, sit on the porch under the roses, and lie down up here a good deal.","[2, 1, 4, 1, 6, 2, 3, 6, 2, 4, 4, 6, 4, 3, 2, 3, 5, 5, 3, 5, 3, 3, 4, 2, 4, 1, 4, 4]",96,"[1, 1, 1, 1, 1, 1, 1, 2, 1, 1, 1, 3, 1, 1, 1, 1, 1, 2, 1, 1, 1, 1, 1, 1, 1, 1, 1, 2]",33,0.140277777778,15,1,1,2
I'm getting really fond of the room in spite of the wall-paper.,"[1, 2, 7, 6, 4, 2, 3, 4, 2, 5, 2, 3, 10]",51,"[1, 0, 2, 3, 1, 1, 1, 1, 1, 1, 1, 1, 3]",17,0.2,8,2,2,3
Perhaps BECAUSE of the wall-paper.,"[7, 7, 2, 3, 10]",29,"[2, 2, 1, 1, 3]",9,0.0,17,0,0,3
It dwells in my mind so!,"[2, 6, 2, 2, 4, 2]",18,"[1, 1, 1, 1, 1, 1]",6,0.0,0,0,0,3
"I lie here on this great immovable bed--it is nailed down, I believe--and follow that pattern about by the hour.","[1, 3, 4, 2, 4, 5, 9, 3, 2, 2, 6, 4, 1, 7, 3, 6, 4, 7, 5, 2, 3, 4]",87,"[1, 1, 1, 1, 1, 2, 3, 0, 1, 1, 1, 1, 1, 3, 1, 2, 1, 2, 2, 1, 1, 1]",29,0.322222222222,7,2,2,2
"It is as good as gymnastics, I assure you.","[2, 2, 2, 4, 2, 10, 1, 6, 3]",32,"[1, 1, 1, 1, 1, 3, 1, 2, 1]",12,0.7,3,2,2,0
"I start, we'll say, at the bottom, down in the corner over there where it has not been touched, and I determine for the thousandth time that I WILL follow that pointless pattern to some sort of a conclusion.","[1, 5, 2, 3, 3, 2, 3, 6, 4, 2, 3, 6, 4, 5, 5, 2, 3, 3, 4, 7, 3, 1, 9, 3, 3, 10, 4, 4, 1, 4, 6, 4, 9, 7, 2, 4, 4, 2, 1, 10]",164,"[1, 1, 1, 0, 1, 1, 1, 2, 1, 1, 1, 2, 2, 1, 1, 1, 1, 1, 1, 1, 1, 1, 3, 1, 1, 2, 1, 1, 1, 1, 2, 1, 2, 2, 1, 1, 1, 1, 1, 3]",50,-0.202777777778,5,1,1,1
"I know a little of the principle of design, and I know this thing was not arranged on any laws of radiation, or alternation, or repetition, or symmetry, or anything else that I ever heard of.","[1, 4, 1, 6, 2, 3, 9, 2, 6, 3, 1, 4, 4, 5, 3, 3, 8, 2, 3, 4, 2, 9, 2, 11, 2, 10, 2, 8, 2, 8, 4, 4, 1, 4, 5, 2]",150,"[1, 1, 1, 1, 1, 1, 2, 1, 2, 1, 1, 1, 1, 1, 1, 1, 2, 1, 2, 1, 1, 4, 1, 4, 1, 4, 1, 3, 1, 3, 1, 1, 1, 2, 2, 1]",55,-0.1875,5,1,1,1
"It is repeated, of course, by the breadths, but not otherwise.","[2, 2, 8, 2, 6, 2, 3, 8, 3, 3, 9]",48,"[1, 1, 3, 1, 1, 1, 1, 2, 1, 1, 3]",16,0.0,14,0,0,3
"Looked at in one way each breadth stands alone, the bloated curves and flourishes--a kind of ""debased Romanesque"" with delirium tremens--go waddling up and down in isolated columns of fatuity.","[6, 2, 2, 3, 3, 4, 7, 6, 5, 3, 7, 6, 3, 10, 1, 4, 2, 7, 10, 4, 8, 7, 2, 8, 2, 3, 4, 2, 8, 7, 2, 7]",155,"[1, 1, 1, 1, 1, 2, 2, 1, 2, 1, 1, 1, 1, 2, 1, 1, 1, 2, 3, 1, 3, 2, 1, 2, 1, 1, 1, 1, 3, 2, 1, 3]",48,0.222222222222,12,1,1,1
"But, on the other hand, they connect diagonally, and the sprawling outlines run off in great slanting waves of optic horror, like a lot of wallowing seaweeds in full chase.","[3, 2, 3, 5, 4, 4, 7, 10, 3, 3, 9, 8, 3, 3, 2, 5, 8, 5, 2, 5, 6, 4, 1, 3, 2, 9, 8, 2, 4, 5]",138,"[1, 1, 1, 2, 1, 1, 2, 5, 1, 1, 2, 2, 1, 1, 1, 2, 2, 1, 1, 2, 2, 1, 1, 1, 1, 3, 3, 1, 1, 1]",46,0.341666666667,12,1,1,1
"The whole thing goes horizontally, too, at least it seems so, and I exhaust myself in trying to distinguish the order of its going in that direction.","[3, 5, 5, 4, 12, 3, 2, 5, 2, 5, 2, 3, 1, 7, 6, 2, 6, 2, 11, 3, 5, 2, 3, 5, 2, 4, 9]",119,"[1, 1, 1, 0, 5, 1, 1, 2, 1, 1, 1, 1, 1, 2, 2, 1, 1, 1, 3, 1, 2, 1, 1, 1, 1, 1, 3]",38,-0.05,1,1,1,1
"They have used a horizontal breadth for a frieze, and that adds wonderfully to the confusion.","[4, 4, 4, 1, 10, 7, 3, 1, 6, 3, 4, 4, 11, 2, 3, 9]",76,"[1, 1, 1, 1, 4, 2, 1, 1, 2, 1, 1, 1, 4, 1, 1, 3]",26,1.0,18,2,2,0
"There is one end of the room where it is almost intact, and there, when the crosslights fade and the low sun shines directly upon it, I can almost fancy radiation after all,--the interminable grotesques seem to form around a common centre and rush off in headlong plunges of equal distraction.","[5, 2, 3, 3, 2, 3, 4, 5, 2, 2, 6, 6, 3, 5, 4, 3, 11, 4, 3, 3, 3, 3, 6, 8, 4, 2, 1, 3, 6, 5, 9, 5, 3, 3, 12, 10, 4, 2, 4, 6, 1, 6, 6, 3, 4, 3, 2, 8, 7, 2, 5, 11]",236,"[1, 1, 1, 1, 1, 1, 1, 1, 1, 1, 2, 2, 1, 1, 1, 1, 2, 1, 1, 1, 1, 1, 1, 3, 2, 1, 1, 1, 2, 2, 4, 2, 1, 1, 4, 2, 1, 1, 1, 2, 1, 2, 1, 1, 1, 1, 1, 3, 1, 1, 2, 3]",75,-0.05,13,1,1,1
It makes me tired to follow it.,"[2, 5, 2, 5, 2, 6, 2]",24,"[1, 1, 1, 1, 1, 2, 1]",8,-0.4,4,0,0,4
I will take a nap I guess.,"[1, 4, 4, 1, 3, 1, 5]",19,"[1, 1, 1, 1, 1, 1, 1]",7,0.0,0,0,0,3
I don't know why I should write this.,"[1, 2, 3, 4, 3, 1, 6, 5, 4]",29,"[1, 1, 0, 1, 1, 1, 1, 1, 1]",8,0.0,17,0,0,3
I don't want to.,"[1, 2, 3, 4, 2]",12,"[1, 1, 0, 1, 1]",4,0.0,0,0,0,3
I don't feel able.,"[1, 2, 3, 4, 4]",14,"[1, 1, 0, 1, 1]",4,0.5,16,2,2,0
And I know John would think it absurd.,"[3, 1, 4, 4, 5, 5, 2, 6]",30,"[1, 1, 1, 1, 1, 1, 1, 2]",9,-0.5,4,0,0,4
But I MUST say what I feel and think in some way--it is such a relief!,"[3, 1, 4, 3, 4, 1, 4, 3, 5, 2, 4, 3, 2, 2, 4, 1, 6]",52,"[1, 1, 1, 1, 1, 1, 1, 1, 1, 1, 1, 1, 1, 1, 1, 1, 3]",19,0.0,14,0,0,3
But the effort is getting to be greater than the relief.,"[3, 3, 6, 2, 7, 2, 2, 7, 4, 3, 6]",45,"[1, 1, 2, 1, 2, 1, 1, 3, 1, 1, 3]",17,0.5,9,2,2,0
"Half the time now I am awfully lazy, and lie down ever so much.","[4, 3, 4, 3, 1, 2, 7, 4, 3, 3, 4, 4, 2, 4]",48,"[1, 1, 1, 1, 1, 1, 3, 2, 1, 1, 1, 2, 1, 1]",18,-0.0930555555556,14,0,0,3
"John says I musn't lose my strength, and has me take cod liver oil and lots of tonics and things, to say nothing of ale and wine and rare meat.","[4, 4, 1, 3, 3, 4, 2, 8, 3, 3, 2, 4, 3, 5, 3, 3, 4, 2, 6, 3, 6, 2, 3, 7, 2, 3, 3, 4, 3, 4, 4]",111,"[1, 1, 1, 1, 0, 1, 1, 1, 1, 1, 1, 1, 1, 2, 1, 1, 1, 1, 2, 1, 1, 1, 1, 2, 1, 1, 1, 1, 1, 1, 2]",34,0.3,19,1,1,2
Dear John!,"[4, 4]",8,"[2, 1]",3,0.0,0,0,0,3
"He loves me very dearly, and hates to have me sick.","[2, 5, 2, 4, 6, 3, 5, 2, 4, 2, 4]",39,"[1, 1, 1, 2, 3, 1, 1, 1, 1, 1, 1]",14,-0.257142857143,6,0,0,3
"I tried to have a real earnest reasonable talk with him the other day, and tell him how I wish he would let me go and make a visit to Cousin Henry and Julia.","[1, 5, 2, 4, 1, 4, 7, 10, 4, 4, 3, 3, 5, 3, 3, 4, 3, 3, 1, 4, 2, 5, 3, 2, 2, 3, 4, 1, 5, 2, 6, 5, 3, 5]",122,"[1, 1, 1, 1, 1, 2, 3, 4, 1, 1, 1, 1, 2, 1, 1, 1, 1, 1, 1, 1, 1, 1, 1, 1, 1, 1, 1, 1, 2, 1, 2, 2, 1, 3]",46,0.0916666666667,12,1,1,1
"But he said I wasn't able to go, nor able to stand it after I got there; and I did not make out a very good case for myself, for I was crying before I had finished.","[3, 2, 4, 1, 3, 3, 4, 2, 2, 3, 4, 2, 5, 2, 5, 1, 3, 5, 3, 1, 3, 3, 4, 3, 1, 4, 4, 4, 3, 6, 3, 1, 3, 6, 6, 1, 3, 8]",124,"[1, 1, 1, 1, 1, 0, 1, 1, 1, 1, 1, 1, 1, 1, 2, 1, 1, 1, 1, 1, 1, 1, 1, 1, 1, 2, 1, 1, 1, 2, 1, 1, 1, 1, 2, 1, 1, 2]",42,0.4275,19,1,1,1
It is getting to be a great effort for me to think straight.,"[2, 2, 7, 2, 2, 1, 5, 6, 3, 2, 2, 5, 8]",47,"[1, 1, 2, 1, 1, 1, 2, 2, 1, 1, 1, 1, 1]",16,0.5,9,2,2,0
Just this nervous weakness I suppose.,"[4, 4, 7, 8, 1, 7]",31,"[1, 1, 2, 3, 1, 2]",10,0.0,17,0,0,3
"And dear John gathered me up in his arms, and just carried me upstairs and laid me on the bed, and sat by me and read to me till it tired my head.","[3, 4, 4, 8, 2, 2, 2, 3, 4, 3, 4, 7, 2, 8, 3, 4, 2, 2, 3, 3, 3, 3, 2, 2, 3, 4, 2, 2, 4, 2, 5, 2, 4]",111,"[1, 2, 1, 2, 1, 1, 1, 1, 1, 1, 1, 2, 1, 2, 1, 1, 1, 1, 1, 0, 1, 1, 1, 1, 1, 2, 1, 1, 1, 1, 1, 1, 2]",38,-0.4,10,1,1,1
"He said I was his darling and his comfort and all he had, and that I must take care of myself for his sake, and keep well.","[2, 4, 1, 3, 3, 7, 3, 3, 7, 3, 3, 2, 3, 3, 4, 1, 4, 4, 4, 2, 6, 3, 3, 4, 3, 4, 4]",93,"[1, 1, 1, 1, 1, 2, 1, 1, 2, 1, 1, 1, 1, 1, 1, 1, 1, 1, 1, 1, 2, 1, 1, 1, 1, 1, 1]",30,0.0,15,1,1,2
"He says no one but myself can help me out of it, that I must use my will and self-control and not let any silly fancies run away with me.","[2, 4, 2, 3, 3, 6, 3, 4, 2, 3, 2, 2, 4, 1, 4, 3, 2, 4, 3, 12, 3, 3, 3, 3, 5, 7, 3, 4, 4, 2]",106,"[1, 1, 1, 1, 1, 2, 1, 1, 1, 1, 1, 1, 1, 1, 1, 1, 1, 1, 1, 3, 1, 1, 1, 2, 2, 2, 1, 2, 1, 1]",37,-0.5,10,1,1,2
"There's one comfort, the baby is well and happy, and does not have to occupy this nursery with the horrid wall-paper.","[5, 2, 3, 7, 3, 4, 2, 4, 3, 5, 3, 4, 3, 4, 2, 6, 4, 7, 4, 3, 6, 10]",94,"[1, 0, 1, 2, 1, 2, 1, 1, 1, 2, 1, 0, 1, 1, 1, 3, 1, 3, 1, 1, 2, 3]",30,0.8,18,2,2,0
"If we had not used it, that blessed child would have!","[2, 2, 3, 3, 4, 2, 4, 7, 5, 5, 4]",41,"[1, 1, 1, 1, 1, 1, 1, 1, 1, 1, 1]",11,0.0,17,0,0,3
What a fortunate escape!,"[4, 1, 9, 6]",20,"[1, 1, 3, 2]",7,0.5,16,2,2,0
"Why, I wouldn't have a child of mine, an impressionable little thing, live in such a room for worlds.","[3, 1, 5, 3, 4, 1, 5, 2, 4, 2, 14, 6, 5, 4, 2, 4, 1, 4, 3, 6]",79,"[1, 1, 1, 0, 1, 1, 1, 1, 1, 1, 4, 1, 1, 1, 1, 1, 1, 1, 1, 1]",22,-0.0170454545455,2,0,0,2
"I never thought of it before, but it is lucky that John kept me here after all, I can stand it so much easier than a baby, you see.","[1, 5, 7, 2, 2, 6, 3, 2, 2, 5, 4, 4, 4, 2, 4, 5, 3, 1, 3, 5, 2, 2, 4, 6, 4, 1, 4, 3, 3]",99,"[1, 2, 1, 1, 1, 2, 1, 1, 1, 2, 1, 1, 1, 1, 1, 2, 1, 1, 1, 1, 1, 1, 1, 4, 1, 1, 2, 1, 1]",37,0.266666666667,19,1,1,2
"Of course I never mention it to them any more--I am too wise,--but I keep watch of it all the same.","[2, 6, 1, 5, 7, 2, 2, 4, 3, 4, 1, 2, 3, 4, 3, 1, 4, 5, 2, 2, 3, 3, 4]",73,"[1, 1, 1, 2, 2, 1, 1, 1, 2, 1, 1, 1, 1, 1, 1, 1, 1, 1, 1, 1, 1, 1, 1]",26,0.0,2,1,1,2
"There are things in that paper that nobody knows but me, or ever will.","[5, 3, 6, 2, 4, 5, 4, 6, 5, 3, 2, 2, 4, 4]",55,"[1, 1, 1, 1, 1, 2, 1, 3, 1, 1, 1, 1, 2, 1]",18,0.0,14,0,0,3
Behind that outside pattern the dim shapes get clearer every day.,"[6, 4, 7, 7, 3, 3, 6, 3, 7, 5, 3]",54,"[2, 1, 2, 2, 1, 1, 1, 1, 3, 3, 1]",18,-0.1,14,0,0,3
"It is always the same shape, only very numerous.","[2, 2, 6, 3, 4, 5, 4, 4, 8]",38,"[1, 1, 2, 1, 1, 1, 2, 2, 3]",14,0.0,17,0,0,3
And it is like a woman stooping down and creeping about behind that pattern.,"[3, 2, 2, 4, 1, 5, 8, 4, 3, 8, 5, 6, 4, 7]",62,"[1, 1, 1, 1, 1, 2, 2, 1, 1, 2, 2, 2, 1, 2]",20,-0.277777777778,6,0,0,4
I don't like it a bit.,"[1, 2, 3, 4, 2, 1, 3]",16,"[1, 1, 0, 1, 1, 1, 1]",6,0.0,0,0,0,3
I wonder--I begin to think--I wish John would take me away from here!,"[1, 6, 1, 5, 2, 5, 1, 4, 4, 5, 4, 2, 4, 4, 4]",52,"[1, 2, 1, 2, 1, 1, 1, 1, 1, 1, 1, 1, 2, 1, 1]",18,0.0,14,0,0,3
"It is so hard to talk with John about my case, because he is so wise, and because he loves me so.","[2, 2, 2, 4, 2, 4, 4, 4, 5, 2, 4, 7, 2, 2, 2, 4, 3, 7, 2, 5, 2, 2]",73,"[1, 1, 1, 1, 1, 1, 1, 1, 2, 1, 1, 2, 1, 1, 1, 1, 1, 2, 1, 1, 1, 1]",25,0.204166666667,7,2,2,2
But I tried it last night.,"[3, 1, 5, 2, 4, 5]",20,"[1, 1, 1, 1, 1, 1]",6,0.0,0,0,0,3
It was moonlight.,"[2, 3, 9]",14,"[1, 1, 2]",4,0.0,0,0,0,3
The moon shines in all around just as the sun does.,"[3, 4, 6, 2, 3, 6, 4, 2, 3, 3, 4]",40,"[1, 1, 1, 1, 1, 2, 1, 1, 1, 1, 0]",11,0.0,17,0,0,3
"I hate to see it sometimes, it creeps so slowly, and always comes in by one window or another.","[1, 4, 2, 3, 2, 9, 2, 6, 2, 6, 3, 6, 5, 2, 2, 3, 6, 2, 7]",73,"[1, 1, 1, 1, 1, 3, 1, 1, 1, 2, 1, 2, 1, 1, 1, 1, 2, 1, 3]",26,-0.55,10,0,0,4
"John was asleep and I hated to waken him, so I kept still and watched the moonlight on that undulating wall-paper till I felt creepy.","[4, 3, 6, 3, 1, 5, 2, 5, 3, 2, 1, 4, 5, 3, 7, 3, 9, 2, 4, 10, 10, 4, 1, 4, 6]",107,"[1, 1, 2, 1, 1, 1, 1, 2, 1, 1, 1, 1, 1, 1, 1, 1, 2, 1, 1, 4, 3, 1, 1, 1, 2]",34,-0.7,10,1,1,4
"The faint figure behind seemed to shake the pattern, just as if she wanted to get out.","[3, 5, 6, 6, 6, 2, 5, 3, 7, 4, 2, 2, 3, 6, 2, 3, 3]",68,"[1, 1, 2, 2, 1, 1, 1, 1, 2, 1, 1, 1, 0, 1, 1, 1, 1]",19,-0.45,6,0,0,4
"I got up softly and went to feel and see if the paper DID move, and when I came back John was awake.","[1, 3, 2, 6, 3, 4, 2, 4, 3, 3, 2, 3, 5, 3, 4, 3, 4, 1, 4, 4, 4, 3, 5]",76,"[1, 1, 1, 2, 1, 1, 1, 1, 1, 1, 1, 1, 2, 1, 1, 1, 1, 1, 1, 1, 1, 1, 2]",26,0.05,2,1,1,2
"""What is it, little girl?""","[4, 2, 2, 6, 4]",18,"[1, 1, 1, 1, 1]",5,-0.1875,0,0,0,3
he said.,"[2, 4]",6,"[1, 1]",2,0.0,0,0,0,3
"""Don't go walking about like that--you'll get cold.""","[2, 3, 2, 7, 5, 4, 4, 3, 3, 3, 4]",40,"[1, 0, 1, 2, 2, 1, 1, 1, 0, 1, 1]",11,-0.6,4,0,0,4
"I though it was a good time to talk, so I told him that I really was not gaining here, and that I wished he would take me away.","[1, 6, 2, 3, 1, 4, 4, 2, 4, 2, 1, 4, 3, 4, 1, 6, 3, 3, 7, 4, 3, 4, 1, 6, 2, 5, 4, 2, 4]",96,"[1, 1, 1, 1, 1, 1, 1, 1, 1, 1, 1, 1, 1, 1, 1, 3, 1, 1, 2, 1, 1, 1, 1, 1, 1, 1, 1, 1, 2]",33,0.45,7,1,1,2
"""Why darling!""","[3, 7]",10,"[1, 2]",3,0.0,0,0,0,3
"said he, ""our lease will be up in three weeks, and I can't see how to leave before.","[4, 2, 3, 5, 4, 2, 2, 2, 5, 5, 3, 1, 2, 3, 3, 3, 2, 5, 6]",62,"[1, 1, 1, 2, 1, 1, 1, 1, 1, 1, 1, 1, 1, 0, 1, 1, 1, 2, 2]",21,0.0,2,0,0,2
"""The repairs are not done at home, and I cannot possibly leave town just now.","[3, 7, 3, 3, 4, 2, 4, 3, 1, 3, 3, 8, 5, 4, 4, 3]",60,"[1, 2, 1, 1, 1, 1, 1, 1, 1, 1, 1, 3, 2, 1, 1, 1]",20,0.0,14,0,0,2
"Of course if you were in any danger, I could and would, but you really are better, dear, whether you can see it or not.","[2, 6, 2, 3, 4, 2, 3, 6, 1, 5, 3, 5, 3, 3, 6, 3, 6, 4, 7, 3, 3, 3, 2, 2, 3]",90,"[1, 1, 1, 1, 1, 1, 2, 2, 1, 1, 1, 1, 1, 1, 3, 1, 2, 2, 2, 1, 1, 1, 1, 1, 1]",32,0.35,7,1,1,2
"I am a doctor, dear, and I know.","[1, 2, 1, 6, 4, 3, 1, 4]",22,"[1, 1, 1, 2, 2, 1, 1, 1]",10,0.0,17,0,0,3
"You are gaining flesh and color, your appetite is better, I feel really much easier about you.""","[3, 3, 7, 5, 3, 5, 4, 8, 2, 6, 1, 4, 6, 4, 6, 5, 3]",75,"[1, 1, 2, 1, 1, 2, 1, 3, 1, 2, 1, 1, 3, 1, 4, 2, 1]",28,0.35,7,2,2,2
"""I don't weigh a bit more,"" said I, ""nor as much; and my appetite may be better in the evening when you are here, but it is worse in the morning when you are away!""","[1, 2, 3, 5, 1, 3, 4, 4, 1, 3, 2, 4, 3, 2, 8, 3, 2, 6, 2, 3, 7, 4, 3, 3, 4, 3, 2, 2, 5, 2, 3, 7, 4, 3, 3, 4]",121,"[1, 1, 0, 1, 1, 1, 1, 1, 1, 1, 1, 1, 1, 1, 3, 1, 1, 2, 1, 1, 3, 1, 1, 1, 1, 1, 1, 1, 1, 1, 1, 2, 1, 1, 1, 2]",42,0.175,19,1,1,1
"""Bless her little heart!""","[5, 3, 6, 5]",19,"[1, 1, 1, 2]",5,-0.234375,0,0,0,3
"said he with a big hug, ""she shall be as sick as she pleases!","[4, 2, 4, 1, 3, 3, 3, 5, 2, 2, 4, 2, 3, 7]",45,"[1, 1, 1, 1, 1, 1, 0, 1, 1, 1, 1, 1, 0, 2]",13,-0.446428571429,4,0,0,4
"But now let's improve the shining hours by going to sleep, and talk about it in the morning!""","[3, 3, 3, 2, 7, 3, 7, 5, 2, 5, 2, 5, 3, 4, 5, 2, 2, 3, 7]",73,"[1, 1, 1, 0, 2, 1, 2, 1, 1, 1, 1, 1, 1, 1, 2, 1, 1, 1, 2]",22,0.0,2,0,0,2
"""And you won't go away?""","[3, 3, 2, 3, 2, 4]",17,"[1, 1, 1, 0, 1, 2]",6,0.0,0,0,0,3
I asked gloomily.,"[1, 5, 8]",14,"[1, 1, 3]",5,0.0,0,0,0,3
"""Why, how can I, dear?","[3, 3, 3, 1, 4]",14,"[1, 1, 1, 1, 2]",6,0.0,0,0,0,3
It is only three weeks more and then we will take a nice little trip of a few days while Jennie is getting the house ready.,"[2, 2, 4, 5, 5, 4, 3, 4, 2, 4, 4, 1, 4, 6, 4, 2, 1, 3, 4, 5, 6, 2, 7, 3, 5, 5]",97,"[1, 1, 2, 1, 1, 1, 1, 1, 1, 1, 1, 1, 1, 1, 1, 1, 1, 1, 1, 1, 2, 1, 2, 1, 1, 3]",31,0.152083333333,15,1,1,2
"Really dear you are better!""","[6, 4, 3, 3, 6]",22,"[3, 2, 1, 1, 2]",9,0.4125,16,2,2,0
"""Better in body perhaps--"" I began, and stopped short, for he sat up straight and looked at me with such a stern, reproachful look that I could not say another word.","[6, 2, 4, 7, 1, 5, 3, 7, 5, 3, 2, 3, 2, 8, 3, 6, 2, 2, 4, 4, 1, 5, 11, 4, 4, 1, 5, 3, 3, 7, 4]",127,"[2, 1, 2, 2, 1, 2, 1, 1, 1, 1, 1, 1, 1, 1, 1, 1, 1, 1, 1, 1, 1, 1, 3, 1, 1, 1, 1, 1, 1, 3, 1]",39,0.175,19,1,1,1
"""My darling,"" said he, ""I beg of you, for my sake and for our child's sake, as well as for your own, that you will never for one instant let that idea enter your mind!","[2, 7, 4, 2, 1, 3, 2, 3, 3, 2, 4, 3, 3, 3, 5, 2, 4, 2, 4, 2, 3, 4, 3, 4, 3, 4, 5, 3, 3, 7, 3, 4, 4, 5, 4, 4]",124,"[1, 2, 1, 1, 1, 1, 1, 1, 1, 1, 1, 1, 1, 1, 1, 0, 1, 1, 1, 1, 1, 1, 1, 1, 1, 1, 2, 1, 1, 2, 1, 1, 3, 2, 1, 1]",41,0.3,19,1,1,1
"There is nothing so dangerous, so fascinating, to a temperament like yours.","[5, 2, 7, 2, 9, 2, 11, 2, 1, 11, 4, 5]",61,"[1, 1, 2, 1, 3, 1, 4, 1, 1, 4, 1, 1]",21,0.05,2,0,0,2
It is a false and foolish fancy.,"[2, 2, 1, 5, 3, 7, 5]",25,"[1, 1, 1, 1, 1, 2, 2]",9,-0.4,4,0,0,4
"Can you not trust me as a physician when I tell you so?""","[3, 3, 3, 5, 2, 2, 1, 9, 4, 1, 4, 3, 2]",42,"[1, 1, 1, 1, 1, 1, 1, 4, 1, 1, 1, 1, 1]",16,0.0,14,0,0,3
"So of course I said no more on that score, and we went to sleep before long.","[2, 2, 6, 1, 4, 2, 4, 2, 4, 5, 3, 2, 4, 2, 5, 6, 4]",58,"[1, 1, 1, 1, 1, 1, 1, 1, 1, 1, 1, 1, 1, 1, 1, 2, 1]",18,-0.15,14,0,0,3
"He thought I was asleep first, but I wasn't, and lay there for hours trying to decide whether that front pattern and the back pattern really did move together or separately.","[2, 7, 1, 3, 6, 5, 3, 1, 3, 3, 3, 3, 5, 3, 5, 6, 2, 6, 7, 4, 5, 7, 3, 3, 4, 7, 6, 3, 4, 8, 2, 10]",140,"[1, 1, 1, 1, 2, 1, 1, 1, 1, 0, 1, 1, 1, 1, 1, 1, 1, 2, 2, 1, 1, 2, 1, 1, 1, 2, 3, 1, 1, 3, 1, 5]",44,0.15,12,1,1,1
"On a pattern like this, by daylight, there is a lack of sequence, a defiance of law, that is a constant irritant to a normal mind.","[2, 1, 7, 4, 4, 2, 8, 5, 2, 1, 4, 2, 8, 1, 8, 2, 3, 4, 2, 1, 8, 8, 2, 1, 6, 4]",100,"[1, 1, 2, 1, 1, 1, 2, 1, 1, 1, 1, 1, 2, 1, 3, 1, 1, 1, 1, 1, 2, 3, 1, 1, 2, 1]",35,0.075,15,1,1,2
"The color is hideous enough, and unreliable enough, and infuriating enough, but the pattern is torturing.","[3, 5, 2, 7, 6, 3, 10, 6, 3, 11, 6, 3, 3, 7, 2, 9]",86,"[1, 2, 1, 2, 2, 1, 4, 2, 1, 5, 2, 1, 1, 2, 1, 3]",31,-0.15,15,1,1,2
"You think you have mastered it, but just as you get well underway in following, it turns a back-somersault and there you are.","[3, 5, 3, 4, 8, 2, 3, 4, 2, 3, 3, 4, 8, 2, 9, 2, 5, 1, 15, 3, 5, 3, 3]",100,"[1, 1, 1, 1, 2, 1, 1, 1, 1, 1, 1, 1, 3, 1, 3, 1, 1, 1, 4, 1, 1, 1, 1]",31,0.0,15,1,1,2
"It slaps you in the face, knocks you down, and tramples upon you.","[2, 5, 3, 2, 3, 4, 6, 3, 4, 3, 8, 4, 3]",50,"[1, 1, 1, 1, 1, 1, 1, 1, 1, 1, 1, 2, 1]",14,-0.155555555556,14,0,0,3
It is like a bad dream.,"[2, 2, 4, 1, 3, 5]",17,"[1, 1, 1, 1, 1, 2]",7,-0.7,4,0,0,4
"The outside pattern is a florid arabesque, reminding one of a fungus.","[3, 7, 7, 2, 1, 6, 9, 9, 3, 2, 1, 6]",56,"[1, 2, 2, 1, 1, 2, 3, 3, 1, 1, 1, 2]",20,0.0,14,0,0,3
"If you can imagine a toadstool in joints, an interminable string of toadstools, budding and sprouting in endless convolutions--why, that is something like it.","[2, 3, 3, 7, 1, 9, 2, 6, 2, 12, 6, 2, 10, 7, 3, 9, 2, 7, 12, 3, 4, 2, 9, 4, 2]",129,"[1, 1, 1, 3, 1, 2, 1, 1, 1, 4, 1, 1, 2, 2, 1, 2, 1, 2, 4, 1, 1, 1, 3, 1, 1]",40,-0.0125,1,1,1,1
"That is, sometimes!","[4, 2, 9]",15,"[1, 1, 3]",5,0.0,0,0,0,3
"There is one marked peculiarity about this paper, a thing nobody seems to notice but myself, and that is that it changes as the light changes.","[5, 2, 3, 6, 11, 5, 4, 5, 1, 5, 6, 5, 2, 6, 3, 6, 3, 4, 2, 4, 2, 7, 2, 3, 5, 7]",114,"[1, 1, 1, 1, 6, 2, 1, 2, 1, 1, 3, 1, 1, 2, 1, 2, 1, 1, 1, 1, 1, 1, 1, 1, 1, 1]",37,0.25,19,1,1,1
"When the sun shoots in through the east window--I always watch for that first long, straight ray--it changes so quickly that I never can quite believe it.","[4, 3, 3, 6, 2, 7, 3, 4, 6, 1, 6, 5, 3, 4, 5, 4, 8, 3, 2, 7, 2, 7, 4, 1, 5, 3, 5, 7, 2]",122,"[1, 1, 1, 1, 1, 1, 1, 2, 2, 1, 2, 1, 1, 1, 1, 1, 1, 1, 1, 1, 1, 2, 1, 1, 2, 1, 1, 3, 1]",36,0.183333333333,19,1,1,1
That is why I watch it always.,"[4, 2, 3, 1, 5, 2, 6]",23,"[1, 1, 1, 1, 1, 1, 2]",8,0.0,17,0,0,3
By moonlight--the moon shines in all night when there is a moon--I wouldn't know it was the same paper.,"[2, 9, 3, 4, 6, 2, 3, 5, 4, 5, 2, 1, 4, 1, 5, 3, 4, 2, 3, 3, 4, 5]",80,"[1, 2, 1, 1, 1, 1, 1, 1, 1, 1, 1, 1, 1, 1, 1, 0, 1, 1, 1, 1, 1, 2]",23,0.0,2,0,0,2
"At night in any kind of light, in twilight, candle light, lamplight, and worst of all by moonlight, it becomes bars!","[2, 5, 2, 3, 4, 2, 5, 2, 8, 6, 5, 9, 3, 5, 2, 3, 2, 9, 2, 7, 4]",90,"[1, 1, 1, 2, 1, 1, 1, 1, 2, 1, 1, 2, 1, 1, 1, 1, 1, 2, 1, 2, 1]",26,0.1,15,1,1,2
"The outside pattern I mean, and the woman behind it is as plain as can be.","[3, 7, 7, 1, 4, 3, 3, 5, 6, 2, 2, 2, 5, 2, 3, 2]",57,"[1, 2, 2, 1, 2, 1, 1, 2, 2, 1, 1, 1, 1, 1, 1, 1]",21,-0.231696428571,6,0,0,4
"I didn't realize for a long time what the thing was that showed behind, that dim sub-pattern, but now I am quite sure it is a woman.","[1, 3, 3, 7, 3, 1, 4, 4, 4, 3, 5, 3, 4, 6, 6, 4, 3, 11, 3, 3, 1, 2, 5, 4, 2, 2, 1, 5]",103,"[1, 1, 0, 3, 1, 1, 1, 1, 1, 1, 1, 1, 1, 1, 2, 1, 1, 3, 1, 1, 1, 1, 1, 1, 1, 1, 1, 2]",33,0.0375,15,1,1,2
"By daylight she is subdued, quiet.","[2, 8, 3, 2, 7, 5]",27,"[1, 2, 0, 1, 1, 2]",7,0.0,17,0,0,3
I fancy it is the pattern that keeps her so still.,"[1, 5, 2, 2, 3, 7, 4, 5, 3, 2, 5]",39,"[1, 2, 1, 1, 1, 2, 1, 1, 1, 1, 1]",13,0.0,17,0,0,3
It is so puzzling.,"[2, 2, 2, 8]",14,"[1, 1, 1, 2]",5,0.0,0,0,0,3
It keeps me quiet by the hour.,"[2, 5, 2, 5, 2, 3, 4]",23,"[1, 1, 1, 2, 1, 1, 1]",8,0.0,17,0,0,3
I lie down ever so much now.,"[1, 3, 4, 4, 2, 4, 3]",21,"[1, 1, 1, 2, 1, 1, 1]",8,0.0222222222222,0,0,0,3
"John says it is good for me, and to sleep all I can.","[4, 4, 2, 2, 4, 3, 2, 3, 2, 5, 3, 1, 3]",38,"[1, 1, 1, 1, 1, 1, 1, 1, 1, 1, 1, 1, 1]",13,0.7,3,2,2,0
Indeed he started the habit by making me lie down for an hour after each meal.,"[6, 2, 7, 3, 5, 2, 6, 2, 3, 4, 3, 2, 4, 5, 4, 4]",62,"[1, 1, 1, 1, 2, 1, 2, 1, 1, 1, 1, 1, 1, 2, 2, 2]",21,-0.155555555556,2,0,0,2
"It is a very bad habit I am convinced, for you see I don't sleep.","[2, 2, 1, 4, 3, 5, 1, 2, 9, 3, 3, 3, 1, 2, 3, 5]",49,"[1, 1, 1, 2, 1, 2, 1, 1, 2, 1, 1, 1, 1, 1, 0, 1]",18,-0.91,11,0,0,4
"And that cultivates deceit, for I don't tell them I'm awake--O no!","[3, 4, 10, 6, 3, 1, 2, 3, 4, 4, 1, 2, 5, 1, 2]",51,"[1, 1, 3, 2, 1, 1, 1, 0, 1, 1, 1, 0, 2, 1, 1]",17,0.0,14,0,0,3
The fact is I am getting a little afraid of John.,"[3, 4, 2, 1, 2, 7, 1, 6, 6, 2, 4]",38,"[1, 1, 1, 1, 1, 2, 1, 1, 2, 1, 1]",13,-0.39375,4,0,0,4
"He seems very queer sometimes, and even Jennie has an inexplicable look.","[2, 5, 4, 5, 9, 3, 4, 6, 3, 2, 12, 4]",59,"[1, 1, 2, 1, 3, 1, 2, 2, 1, 1, 4, 1]",20,-0.2,6,0,0,3
"It strikes me occasionally, just as a scientific hypothesis,--that perhaps it is the paper!","[2, 7, 2, 12, 4, 2, 1, 10, 10, 4, 7, 2, 2, 3, 5]",73,"[1, 1, 1, 5, 1, 1, 1, 4, 4, 1, 2, 1, 1, 1, 2]",27,0.0,2,1,1,2
"I have watched John when he did not know I was looking, and come into the room suddenly on the most innocent excuses, and I've caught him several times LOOKING AT THE PAPER!","[1, 4, 7, 4, 4, 2, 3, 3, 4, 1, 3, 7, 3, 4, 4, 3, 4, 8, 2, 3, 4, 8, 7, 3, 1, 3, 6, 3, 7, 5, 7, 2, 3, 5]",138,"[1, 1, 1, 1, 1, 1, 1, 1, 1, 1, 1, 2, 1, 1, 2, 1, 1, 3, 1, 1, 1, 3, 2, 1, 1, 0, 1, 1, 3, 1, 2, 1, 1, 2]",44,0.25,12,1,1,1
And Jennie too.,"[3, 6, 3]",12,"[1, 2, 1]",4,0.0,0,0,0,3
I caught Jennie with her hand on it once.,"[1, 6, 6, 4, 3, 4, 2, 2, 4]",32,"[1, 1, 2, 1, 1, 1, 1, 1, 1]",10,0.0,17,0,0,3
"She didn't know I was in the room, and when I asked her in a quiet, a very quiet voice, with the most restrained manner possible, what she was doing with the paper--she turned around as if she had been caught stealing, and looked quite angry--asked me why I should frighten her so!","[3, 3, 3, 4, 1, 3, 2, 3, 4, 3, 4, 1, 5, 3, 2, 1, 5, 1, 4, 5, 5, 4, 3, 4, 10, 6, 8, 4, 3, 3, 5, 4, 3, 5, 3, 6, 6, 2, 2, 3, 3, 4, 6, 8, 3, 6, 5, 5, 5, 2, 3, 1, 6, 8, 3, 2]",219,"[0, 1, 0, 1, 1, 1, 1, 1, 1, 1, 1, 1, 1, 1, 1, 1, 2, 1, 2, 2, 1, 1, 1, 1, 2, 2, 2, 1, 0, 1, 1, 1, 1, 2, 0, 1, 2, 1, 1, 0, 1, 1, 1, 3, 1, 1, 1, 2, 1, 1, 1, 1, 1, 2, 1, 1]",63,0.125,13,1,1,1
"Then she said that the paper stained everything it touched, that she had found yellow smooches on all my clothes and John's, and she wished we would be more careful!","[4, 3, 4, 4, 3, 5, 7, 10, 2, 7, 4, 3, 3, 5, 6, 8, 2, 3, 2, 7, 3, 4, 2, 3, 3, 6, 2, 5, 2, 4, 7]",133,"[1, 0, 1, 1, 1, 2, 1, 4, 1, 1, 1, 0, 1, 1, 2, 1, 1, 1, 1, 1, 1, 1, 0, 1, 0, 1, 1, 1, 1, 1, 3]",34,0.125,19,1,1,1
Did not that sound innocent?,"[3, 3, 4, 5, 8]",23,"[1, 1, 1, 1, 3]",7,0.45,16,2,2,0
"But I know she was studying that pattern, and I am determined that nobody shall find it out but myself!","[3, 1, 4, 3, 3, 8, 4, 7, 3, 1, 2, 10, 4, 6, 5, 4, 2, 3, 3, 6]",82,"[1, 1, 1, 0, 1, 2, 1, 2, 1, 1, 1, 3, 1, 3, 1, 1, 1, 1, 1, 2]",26,0.0,2,1,1,2
Life is very much more exciting now than it used to be.,"[4, 2, 4, 4, 4, 8, 3, 4, 2, 4, 2, 2]",43,"[1, 1, 2, 1, 1, 3, 1, 1, 1, 1, 1, 1]",15,0.4,9,2,2,0
"You see I have something more to expect, to look forward to, to watch.","[3, 3, 1, 4, 9, 4, 2, 6, 2, 4, 7, 2, 2, 5]",54,"[1, 1, 1, 1, 3, 1, 1, 2, 1, 1, 2, 1, 1, 1]",18,0.5,9,2,2,0
"I really do eat better, and am more quiet than I was.","[1, 6, 2, 3, 6, 3, 2, 4, 5, 4, 1, 3]",40,"[1, 3, 1, 2, 2, 1, 1, 1, 2, 1, 1, 1]",17,0.3,9,2,2,0
John is so pleased to see me improve!,"[4, 2, 2, 7, 2, 3, 2, 7]",29,"[1, 1, 1, 2, 1, 1, 1, 2]",10,0.625,3,2,2,0
"He laughed a little the other day, and said I seemed to be flourishing in spite of my wall-paper.","[2, 7, 1, 6, 3, 5, 3, 3, 4, 1, 6, 2, 2, 11, 2, 5, 2, 2, 10]",77,"[1, 1, 1, 1, 1, 2, 1, 1, 1, 1, 1, 1, 1, 3, 1, 1, 1, 1, 3]",24,0.129166666667,2,2,2,2
I turned it off with a laugh.,"[1, 6, 2, 3, 4, 1, 5]",22,"[1, 1, 1, 1, 1, 1, 1]",7,0.3,16,2,2,3
I had no intention of telling him it was BECAUSE of the wall-paper--he would make fun of me.,"[1, 3, 2, 9, 2, 7, 3, 2, 3, 7, 2, 3, 10, 2, 5, 4, 3, 2, 2]",72,"[1, 1, 1, 3, 1, 2, 1, 1, 1, 2, 1, 1, 3, 1, 1, 1, 1, 1, 1]",25,0.3,7,2,2,2
He might even want to take me away.,"[2, 5, 4, 4, 2, 4, 2, 4]",27,"[1, 1, 2, 1, 1, 1, 1, 2]",10,0.0,17,0,0,3
I don't want to leave now until I have found it out.,"[1, 2, 3, 4, 2, 5, 3, 5, 1, 4, 5, 2, 3]",40,"[1, 1, 0, 1, 1, 2, 1, 2, 1, 1, 1, 1, 1]",14,0.0,14,0,0,3
"There is a week more, and I think that will be enough.","[5, 2, 1, 4, 4, 3, 1, 5, 4, 4, 2, 6]",41,"[1, 1, 1, 1, 1, 1, 1, 1, 1, 1, 1, 2]",13,0.25,16,2,2,3
I'm feeling ever so much better!,"[1, 2, 7, 4, 2, 4, 6]",26,"[1, 0, 2, 2, 1, 1, 2]",9,0.625,3,2,2,0
"I don't sleep much at night, for it is so interesting to watch developments; but I sleep a good deal in the daytime.","[1, 2, 3, 5, 4, 2, 5, 3, 2, 2, 2, 11, 2, 5, 12, 3, 1, 5, 1, 4, 4, 2, 3, 7]",91,"[1, 1, 0, 1, 1, 1, 1, 1, 1, 1, 1, 4, 1, 1, 4, 1, 1, 1, 1, 1, 2, 1, 1, 2]",31,0.466666666667,7,2,2,2
In the daytime it is tiresome and perplexing.,"[2, 3, 7, 2, 2, 8, 3, 10]",37,"[1, 1, 2, 1, 1, 3, 1, 3]",13,-0.5,4,0,0,4
"There are always new shoots on the fungus, and new shades of yellow all over it.","[5, 3, 6, 3, 6, 2, 3, 6, 3, 3, 6, 2, 6, 3, 4, 2]",63,"[1, 1, 2, 1, 1, 1, 1, 2, 1, 1, 1, 1, 2, 1, 2, 1]",20,0.0909090909091,8,0,0,2
"I cannot keep count of them, though I have tried conscientiously.","[1, 3, 3, 4, 5, 2, 4, 6, 1, 4, 5, 15]",53,"[1, 1, 1, 1, 1, 1, 1, 1, 1, 1, 1, 5]",16,0.0,14,0,0,3
"It is the strangest yellow, that wall-paper!","[2, 2, 3, 9, 6, 4, 10]",36,"[1, 1, 1, 2, 2, 1, 3]",11,0.0,17,0,0,3
"It makes me think of all the yellow things I ever saw--not beautiful ones like buttercups, but old foul, bad yellow things.","[2, 5, 2, 5, 2, 3, 3, 6, 6, 1, 4, 3, 3, 9, 4, 4, 10, 3, 3, 4, 3, 6, 6]",97,"[1, 1, 1, 1, 1, 1, 1, 2, 1, 1, 2, 1, 1, 4, 1, 1, 3, 1, 1, 1, 1, 2, 1]",31,0.05,15,1,1,2
But there is something else about that paper--the smell!,"[3, 5, 2, 9, 4, 5, 4, 5, 3, 5]",45,"[1, 1, 1, 3, 1, 2, 1, 2, 1, 1]",14,0.0,14,0,0,3
"I noticed it the moment we came into the room, but with so much air and sun it was not bad.","[1, 7, 2, 3, 6, 2, 4, 4, 3, 4, 3, 4, 2, 4, 3, 3, 3, 2, 3, 3, 3]",69,"[1, 2, 1, 1, 2, 1, 1, 2, 1, 1, 1, 1, 1, 1, 1, 1, 1, 1, 1, 1, 1]",24,0.275,7,2,2,2
"Now we have had a week of fog and rain, and whether the windows are open or not, the smell is here.","[3, 2, 4, 3, 1, 4, 2, 3, 3, 4, 3, 7, 3, 7, 3, 4, 2, 3, 3, 5, 2, 4]",75,"[1, 1, 1, 1, 1, 1, 1, 1, 1, 1, 1, 2, 1, 2, 1, 2, 1, 1, 1, 1, 1, 1]",25,0.0,2,1,1,2
It creeps all over the house.,"[2, 6, 3, 4, 3, 5]",23,"[1, 1, 1, 2, 1, 1]",7,0.0,0,0,0,3
"I find it hovering in the dining-room, skulking in the parlor, hiding in the hall, lying in wait for me on the stairs.","[1, 4, 2, 8, 2, 3, 11, 8, 2, 3, 6, 6, 2, 3, 4, 5, 2, 4, 3, 2, 2, 3, 6]",92,"[1, 1, 1, 3, 1, 1, 3, 2, 1, 1, 2, 2, 1, 1, 1, 1, 1, 1, 1, 1, 1, 1, 1]",30,0.0,15,1,1,2
It gets into my hair.,"[2, 4, 4, 2, 4]",16,"[1, 1, 2, 1, 1]",6,0.0,0,0,0,3
"Even when I go to ride, if I turn my head suddenly and surprise it--there is that smell!","[4, 4, 1, 2, 2, 4, 2, 1, 4, 2, 4, 8, 3, 8, 2, 5, 2, 4, 5]",67,"[2, 1, 1, 1, 1, 1, 1, 1, 1, 1, 2, 3, 1, 2, 1, 1, 1, 1, 1]",24,0.0,2,0,0,2
"Such a peculiar odor, too!","[4, 1, 8, 4, 3]",20,"[1, 1, 4, 2, 1]",9,0.0,17,0,0,3
"I have spent hours in trying to analyze it, to find what it smelled like.","[1, 4, 5, 5, 2, 6, 2, 7, 2, 2, 4, 4, 2, 7, 4]",57,"[1, 1, 1, 1, 1, 1, 1, 3, 1, 1, 1, 1, 1, 1, 1]",17,-0.1,14,0,0,3
"It is not bad--at first, and very gentle, but quite the subtlest, most enduring odor I ever met.","[2, 2, 3, 3, 2, 5, 3, 4, 6, 3, 5, 3, 8, 4, 8, 4, 1, 4, 3]",73,"[1, 1, 1, 1, 1, 1, 1, 2, 1, 1, 1, 1, 2, 1, 3, 2, 1, 2, 1]",25,0.336666666667,7,2,2,2
"In this damp weather it is awful, I wake up in the night and find it hanging over me.","[2, 4, 4, 7, 2, 2, 5, 1, 4, 2, 2, 3, 5, 3, 4, 2, 7, 4, 2]",65,"[1, 1, 1, 3, 1, 1, 2, 1, 1, 1, 1, 1, 1, 1, 1, 1, 2, 2, 1]",24,-1.0,11,0,0,4
It used to disturb me at first.,"[2, 4, 2, 7, 2, 2, 5]",24,"[1, 1, 1, 2, 1, 1, 1]",8,0.25,16,0,0,3
I thought seriously of burning the house--to reach the smell.,"[1, 7, 9, 2, 7, 3, 5, 2, 5, 3, 5]",49,"[1, 1, 3, 1, 2, 1, 1, 1, 2, 1, 1]",15,-0.333333333333,6,0,0,4
But now I am used to it.,"[3, 3, 1, 2, 4, 2, 2]",17,"[1, 1, 1, 1, 1, 1, 1]",7,0.0,0,0,0,3
The only thing I can think of that it is like is the COLOR of the paper!,"[3, 4, 5, 1, 3, 5, 2, 4, 2, 2, 4, 2, 3, 5, 2, 3, 5]",55,"[1, 2, 1, 1, 1, 1, 1, 1, 1, 1, 1, 1, 1, 2, 1, 1, 2]",20,0.0,14,0,0,3
A yellow smell.,"[1, 6, 5]",12,"[1, 2, 1]",4,0.0,0,0,0,3
"There is a very funny mark on this wall, low down, near the mopboard.","[5, 2, 1, 4, 5, 4, 2, 4, 4, 3, 4, 4, 3, 8]",53,"[1, 1, 1, 2, 2, 1, 1, 1, 1, 1, 1, 2, 1, 2]",18,0.0673611111111,8,0,0,3
A streak that runs round the room.,"[1, 6, 4, 4, 5, 3, 4]",27,"[1, 2, 1, 1, 1, 1, 1]",8,-0.2,17,0,0,3
"It goes behind every piece of furniture, except the bed, a long, straight, even SMOOCH, as if it had been rubbed over and over.","[2, 4, 6, 5, 5, 2, 9, 6, 3, 3, 1, 4, 8, 4, 6, 2, 2, 2, 3, 4, 6, 4, 3, 4]",98,"[1, 0, 2, 3, 2, 1, 3, 2, 1, 0, 1, 1, 1, 2, 1, 1, 1, 1, 1, 1, 1, 2, 1, 2]",32,-0.0833333333333,15,1,1,2
"I wonder how it was done and who did it, and what they did it for.","[1, 6, 3, 2, 3, 4, 3, 3, 3, 2, 3, 4, 4, 3, 2, 3]",49,"[1, 2, 1, 1, 1, 1, 1, 1, 1, 1, 1, 1, 1, 1, 1, 1]",17,0.0,14,0,0,3
Round and round and round--round and round and round--it makes me dizzy!,"[5, 3, 5, 3, 5, 5, 3, 5, 3, 5, 2, 5, 2, 5]",56,"[1, 1, 1, 1, 1, 1, 1, 1, 1, 1, 1, 1, 1, 2]",15,-0.216666666667,6,0,0,3
I really have discovered something at last.,"[1, 6, 4, 10, 9, 2, 4]",36,"[1, 3, 1, 3, 3, 1, 1]",13,0.1,17,0,0,3
"Through watching so much at night, when it changes so, I have finally found out.","[7, 8, 2, 4, 2, 5, 4, 2, 7, 2, 1, 4, 7, 5, 3]",63,"[1, 2, 1, 1, 1, 1, 1, 1, 1, 1, 1, 1, 3, 1, 1]",18,0.1,8,0,0,2
The front pattern DOES move--and no wonder!,"[3, 5, 7, 4, 4, 3, 2, 6]",34,"[1, 1, 2, 0, 1, 1, 1, 2]",9,0.0,17,0,0,3
The woman behind shakes it!,"[3, 5, 6, 6, 2]",22,"[1, 2, 2, 1, 1]",7,-0.5,4,0,0,4
"Sometimes I think there are a great many women behind, and sometimes only one, and she crawls around fast, and her crawling shakes it all over.","[9, 1, 5, 5, 3, 1, 5, 4, 5, 6, 3, 9, 4, 3, 3, 3, 6, 6, 4, 3, 3, 8, 6, 2, 3, 4]",114,"[3, 1, 1, 1, 1, 1, 2, 2, 2, 2, 1, 3, 2, 1, 1, 0, 1, 2, 1, 1, 1, 2, 1, 1, 1, 2]",37,0.22,19,1,1,1
"Then in the very bright spots she keeps still, and in the very shady spots she just takes hold of the bars and shakes them hard.","[4, 2, 3, 4, 6, 5, 3, 5, 5, 3, 2, 3, 4, 5, 5, 3, 4, 5, 4, 2, 3, 4, 3, 6, 4, 4]",101,"[1, 1, 1, 2, 1, 1, 0, 1, 1, 1, 1, 1, 2, 2, 1, 0, 1, 1, 1, 1, 1, 1, 1, 1, 1, 1]",27,0.0977777777778,15,1,1,2
And she is all the time trying to climb through.,"[3, 3, 2, 3, 3, 4, 6, 2, 5, 7]",38,"[1, 0, 1, 1, 1, 1, 1, 1, 1, 1]",9,0.0,17,0,0,3
But nobody could climb through that pattern--it strangles so; I think that is why it has so many heads.,"[3, 6, 5, 5, 7, 4, 7, 2, 9, 2, 1, 5, 4, 2, 3, 2, 3, 2, 4, 5]",81,"[1, 3, 1, 1, 1, 1, 2, 1, 1, 1, 1, 1, 1, 1, 1, 1, 1, 1, 2, 2]",25,0.5,7,2,2,0
"They get through, and then the pattern strangles them off and turns them upside down, and makes their eyes white!","[4, 3, 7, 3, 4, 3, 7, 9, 4, 3, 3, 5, 4, 6, 4, 3, 5, 5, 4, 5]",91,"[1, 1, 1, 1, 1, 1, 2, 1, 1, 1, 1, 1, 1, 2, 1, 1, 1, 1, 0, 1]",21,-0.0777777777778,2,1,1,2
If those heads were covered or taken off it would not be half so bad.,"[2, 5, 5, 4, 7, 2, 5, 3, 2, 5, 3, 2, 4, 2, 3]",54,"[1, 1, 2, 1, 2, 1, 2, 1, 1, 1, 1, 1, 1, 1, 1]",18,-0.433333333333,6,0,0,4
I think that woman gets out in the daytime!,"[1, 5, 4, 5, 4, 3, 2, 3, 7]",34,"[1, 1, 1, 2, 1, 1, 1, 1, 2]",11,0.0,17,0,0,3
And I'll tell you why--privately--I've seen her!,"[3, 1, 3, 4, 3, 3, 9, 1, 3, 4, 3]",37,"[1, 1, 0, 1, 1, 1, 4, 1, 0, 1, 1]",12,0.0,17,0,0,3
I can see her out of every one of my windows!,"[1, 3, 3, 3, 3, 2, 5, 3, 2, 2, 7]",34,"[1, 1, 1, 1, 1, 1, 3, 1, 1, 1, 2]",14,0.0,17,0,0,3
"It is the same woman, I know, for she is always creeping, and most women do not creep by daylight.","[2, 2, 3, 4, 5, 1, 4, 3, 3, 2, 6, 8, 3, 4, 5, 2, 3, 5, 2, 8]",75,"[1, 1, 1, 1, 2, 1, 1, 1, 0, 1, 2, 2, 1, 1, 2, 1, 1, 1, 1, 2]",24,0.25,7,2,2,2
"I see her on that long road under the trees, creeping along, and when a carriage comes she hides under the blackberry vines.","[1, 3, 3, 2, 4, 4, 4, 5, 3, 5, 8, 5, 3, 4, 1, 8, 5, 3, 5, 5, 3, 10, 5]",99,"[1, 1, 1, 1, 1, 1, 1, 2, 1, 0, 2, 2, 1, 1, 1, 3, 1, 0, 1, 2, 1, 3, 1]",29,-0.05,15,1,1,2
I don't blame her a bit.,"[1, 2, 3, 5, 3, 1, 3]",18,"[1, 1, 0, 1, 1, 1, 1]",6,0.0,0,0,0,3
It must be very humiliating to be caught creeping by daylight!,"[2, 4, 2, 4, 11, 2, 2, 6, 8, 2, 8]",51,"[1, 1, 1, 2, 5, 1, 1, 1, 2, 1, 2]",18,0.25,8,2,2,0
I always lock the door when I creep by daylight.,"[1, 6, 4, 3, 4, 4, 1, 5, 2, 8]",38,"[1, 2, 1, 1, 1, 1, 1, 1, 1, 2]",12,0.0,17,0,0,3
"I can't do it at night, for I know John would suspect something at once.","[1, 2, 3, 2, 2, 2, 5, 3, 1, 4, 4, 5, 7, 9, 2, 4]",56,"[1, 1, 0, 1, 1, 1, 1, 1, 1, 1, 1, 1, 2, 3, 1, 1]",18,0.0,14,0,0,3
"And John is so queer now, that I don't want to irritate him.","[3, 4, 2, 2, 5, 3, 4, 1, 2, 3, 4, 2, 8, 3]",46,"[1, 1, 1, 1, 1, 1, 1, 1, 1, 0, 1, 1, 3, 1]",15,0.0,14,0,0,3
I wish he would take another room!,"[1, 4, 2, 5, 4, 7, 4]",27,"[1, 1, 1, 1, 1, 3, 1]",9,0.0,17,0,0,3
"Besides, I don't want anybody to get that woman out at night but myself.","[7, 1, 2, 3, 4, 7, 2, 3, 4, 5, 3, 2, 5, 3, 6]",57,"[2, 1, 1, 0, 1, 4, 1, 1, 1, 2, 1, 1, 1, 1, 2]",20,0.0,14,0,0,3
I often wonder if I could see her out of all the windows at once.,"[1, 5, 6, 2, 1, 5, 3, 3, 3, 2, 3, 3, 7, 2, 4]",50,"[1, 2, 2, 1, 1, 1, 1, 1, 1, 1, 1, 1, 2, 1, 1]",18,0.0,14,0,0,3
"But, turn as fast as I can, I can only see out of one at one time.","[3, 4, 2, 4, 2, 1, 3, 1, 3, 4, 3, 3, 2, 3, 2, 3, 4]",47,"[1, 1, 1, 1, 1, 1, 1, 1, 1, 2, 1, 1, 1, 1, 1, 1, 1]",18,0.1,8,0,0,3
"And though I always see her, she MAY be able to creep faster than I can turn!","[3, 6, 1, 6, 3, 3, 3, 3, 2, 4, 2, 5, 6, 4, 1, 3, 4]",59,"[1, 1, 1, 2, 1, 1, 0, 1, 1, 1, 1, 1, 2, 1, 1, 1, 1]",18,0.625,9,2,2,0
"I have watched her sometimes away off in the open country, creeping as fast as a cloud shadow in a high wind.","[1, 4, 7, 3, 9, 4, 3, 2, 3, 4, 7, 8, 2, 4, 2, 1, 5, 6, 2, 1, 4, 4]",86,"[1, 1, 1, 1, 3, 2, 1, 1, 1, 2, 2, 2, 1, 1, 1, 1, 1, 2, 1, 1, 1, 1]",29,0.12,15,1,1,2
If only that top pattern could be gotten off from the under one!,"[2, 4, 4, 3, 7, 5, 2, 6, 3, 4, 3, 5, 3]",51,"[1, 2, 1, 1, 2, 1, 1, 2, 1, 1, 1, 2, 1]",17,0.3125,9,2,2,0
"I mean to try it, little by little.","[1, 4, 2, 3, 2, 6, 2, 6]",26,"[1, 2, 1, 1, 1, 1, 1, 1]",9,-0.229166666667,17,0,0,3
"I have found out another funny thing, but I shan't tell it this time!","[1, 4, 5, 3, 7, 5, 5, 3, 1, 3, 3, 4, 2, 4, 4]",54,"[1, 1, 1, 1, 3, 2, 1, 1, 1, 1, 0, 1, 1, 1, 1]",17,0.3125,9,2,2,0
It does not do to trust people too much.,"[2, 4, 3, 2, 2, 5, 6, 3, 4]",31,"[1, 0, 1, 1, 1, 1, 1, 1, 1]",8,0.2,16,0,0,3
"There are only two more days to get this paper off, and I believe John is beginning to notice.","[5, 3, 4, 3, 4, 4, 2, 3, 4, 5, 3, 3, 1, 7, 4, 2, 9, 2, 6]",74,"[1, 1, 2, 1, 1, 1, 1, 1, 1, 2, 1, 1, 1, 3, 1, 1, 3, 1, 2]",26,0.25,7,2,2,2
I don't like the look in his eyes.,"[1, 2, 3, 4, 3, 4, 2, 3, 4]",26,"[1, 1, 0, 1, 1, 1, 1, 1, 0]",7,0.0,17,0,0,3
And I heard him ask Jennie a lot of professional questions about me.,"[3, 1, 5, 3, 3, 6, 1, 3, 2, 12, 9, 5, 2]",55,"[1, 1, 2, 1, 1, 2, 1, 1, 1, 4, 2, 2, 1]",20,0.1,8,0,0,3
She had a very good report to give.,"[3, 3, 1, 4, 4, 6, 2, 4]",27,"[0, 1, 1, 2, 1, 2, 1, 1]",9,0.91,3,2,2,0
She said I slept a good deal in the daytime.,"[3, 4, 1, 5, 1, 4, 4, 2, 3, 7]",34,"[0, 1, 1, 1, 1, 1, 2, 1, 1, 2]",11,0.7,3,2,2,0
"John knows I don't sleep very well at night, for all I'm so quiet!","[4, 5, 1, 2, 3, 5, 4, 4, 2, 5, 3, 3, 1, 2, 2, 5]",51,"[1, 1, 1, 1, 0, 1, 2, 1, 1, 1, 1, 1, 1, 0, 1, 2]",16,0.1,8,0,0,3
"He asked me all sorts of questions, too, and pretended to be very loving and kind.","[2, 5, 2, 3, 5, 2, 9, 3, 3, 9, 2, 2, 4, 6, 3, 4]",64,"[1, 1, 1, 1, 1, 1, 2, 1, 1, 2, 1, 1, 2, 2, 1, 1]",20,0.69,18,2,2,0
As if I couldn't see through him!,"[2, 2, 1, 5, 3, 3, 7, 3]",26,"[1, 1, 1, 1, 0, 1, 1, 1]",7,0.0,17,0,0,3
"Still, I don't wonder he acts so, sleeping under this paper for three months.","[5, 1, 2, 3, 6, 2, 4, 2, 8, 5, 4, 5, 3, 5, 6]",61,"[1, 1, 1, 0, 2, 1, 1, 1, 2, 2, 1, 2, 1, 1, 1]",18,0.0,14,0,0,3
"It only interests me, but I feel sure John and Jennie are secretly affected by it.","[2, 4, 9, 2, 3, 1, 4, 4, 4, 3, 6, 3, 8, 8, 2, 2]",65,"[1, 2, 3, 1, 1, 1, 1, 1, 1, 1, 2, 1, 3, 2, 1, 1]",23,0.0333333333333,2,0,0,2
Hurrah!,[6],6,[2],2,0.0,0,0,0,3
"This is the last day, but it is enough.","[4, 2, 3, 4, 3, 3, 2, 2, 6]",29,"[1, 1, 1, 1, 1, 1, 1, 1, 2]",10,0.0,17,0,0,3
"John is to stay in town over night, and won't be out until this evening.","[4, 2, 2, 4, 2, 4, 4, 5, 3, 2, 3, 2, 3, 5, 4, 7]",56,"[1, 1, 1, 1, 1, 1, 2, 1, 1, 1, 0, 1, 1, 2, 1, 3]",19,0.0,14,0,0,3
Jennie wanted to sleep with me--the sly thing!,"[6, 6, 2, 5, 4, 2, 3, 3, 5]",36,"[2, 1, 1, 1, 1, 1, 1, 1, 1]",10,0.0,17,0,0,3
but I told her I should undoubtedly rest better for a night all alone.,"[3, 1, 4, 3, 1, 6, 11, 4, 6, 3, 1, 5, 3, 5]",56,"[1, 1, 1, 1, 1, 1, 4, 1, 2, 1, 1, 1, 1, 2]",19,0.5,9,2,2,0
"That was clever, for really I wasn't alone a bit!","[4, 3, 6, 3, 6, 1, 3, 3, 5, 1, 3]",38,"[1, 1, 2, 1, 3, 1, 1, 0, 2, 1, 1]",14,0.208333333333,8,0,0,3
"As soon as it was moonlight and that poor thing began to crawl and shake the pattern, I got up and ran to help her.","[2, 4, 2, 2, 3, 9, 3, 4, 4, 5, 5, 2, 5, 3, 5, 3, 7, 1, 3, 2, 3, 3, 2, 4, 3]",89,"[1, 1, 1, 1, 1, 2, 1, 1, 1, 1, 2, 1, 1, 1, 1, 1, 2, 1, 1, 1, 1, 1, 1, 1, 1]",28,-0.4,10,1,1,2
"I pulled and she shook, I shook and she pulled, and before morning we had peeled off yards of that paper.","[1, 6, 3, 3, 5, 1, 5, 3, 3, 6, 3, 6, 7, 2, 3, 6, 3, 5, 2, 4, 5]",82,"[1, 1, 1, 0, 1, 1, 1, 1, 0, 1, 1, 2, 2, 1, 1, 1, 1, 2, 1, 1, 2]",23,0.0,2,1,1,2
A strip about as high as my head and half around the room.,"[1, 5, 5, 2, 4, 2, 2, 4, 3, 4, 6, 3, 4]",45,"[1, 1, 2, 1, 1, 1, 1, 2, 1, 1, 2, 1, 1]",16,-0.00333333333333,14,0,0,3
"And then when the sun came and that awful pattern began to laugh at me, I declared I would finish it to-day!","[3, 4, 4, 3, 3, 4, 3, 4, 5, 7, 5, 2, 5, 2, 2, 1, 8, 1, 5, 6, 2, 6]",85,"[1, 1, 1, 1, 1, 1, 1, 1, 2, 2, 2, 1, 1, 1, 1, 1, 2, 1, 1, 2, 1, 2]",28,-0.3125,10,1,1,2
"We go away to-morrow, and they are moving all my furniture down again to leave things as they were before.","[2, 2, 4, 9, 3, 4, 3, 6, 3, 2, 9, 4, 5, 2, 5, 6, 2, 4, 4, 6]",85,"[1, 1, 2, 3, 1, 1, 1, 2, 1, 1, 3, 1, 2, 1, 2, 1, 1, 1, 1, 2]",29,-0.155555555556,2,1,1,2
"Jennie looked at the wall in amazement, but I told her merrily that I did it out of pure spite at the vicious thing.","[6, 6, 2, 3, 4, 2, 9, 3, 1, 4, 3, 7, 4, 1, 3, 2, 3, 2, 4, 5, 2, 3, 7, 5]",91,"[2, 1, 1, 1, 1, 1, 4, 1, 1, 1, 1, 3, 1, 1, 1, 1, 1, 1, 1, 1, 1, 1, 2, 1]",31,-0.392857142857,10,1,1,2
"She laughed and said she wouldn't mind doing it herself, but I must not get tired.","[3, 7, 3, 4, 3, 5, 3, 4, 5, 2, 7, 3, 1, 4, 3, 3, 5]",65,"[0, 1, 1, 1, 0, 1, 0, 1, 1, 1, 2, 1, 1, 1, 1, 1, 1]",15,0.15,8,0,0,3
How she betrayed herself that time!,"[3, 3, 8, 7, 4, 4]",29,"[1, 0, 1, 2, 1, 1]",6,0.0,17,0,0,3
"But I am here, and no person touches this paper but me--not ALIVE!","[3, 1, 2, 4, 3, 2, 6, 7, 4, 5, 3, 2, 3, 5]",50,"[1, 1, 1, 1, 1, 1, 2, 1, 1, 2, 1, 1, 1, 2]",17,0.125,8,0,0,3
She tried to get me out of the room--it was too patent!,"[3, 5, 2, 3, 2, 3, 2, 3, 4, 2, 3, 3, 6]",41,"[0, 1, 1, 1, 1, 1, 1, 1, 1, 1, 1, 1, 2]",13,0.0,17,0,0,3
But I said it was so quiet and empty and clean now that I believed I would lie down again and sleep all I could; and not to wake me even for dinner--I would call when I woke.,"[3, 1, 4, 2, 3, 2, 5, 3, 5, 3, 5, 3, 4, 1, 8, 1, 5, 3, 4, 5, 3, 5, 3, 1, 5, 3, 3, 2, 4, 2, 4, 3, 6, 1, 5, 4, 4, 1, 4]",133,"[1, 1, 1, 1, 1, 1, 2, 1, 2, 1, 2, 1, 1, 1, 3, 1, 1, 1, 1, 2, 1, 1, 1, 1, 1, 1, 1, 1, 1, 1, 2, 1, 2, 1, 1, 1, 1, 1, 1]",47,0.0277777777778,12,1,1,1
"So now she is gone, and the servants are gone, and the things are gone, and there is nothing left but that great bedstead nailed down, with the canvas mattress we found on it.","[2, 3, 3, 2, 4, 3, 3, 8, 3, 4, 3, 3, 6, 3, 4, 3, 5, 2, 7, 4, 3, 4, 5, 8, 6, 4, 4, 3, 6, 8, 2, 5, 2, 2]",137,"[1, 1, 0, 1, 1, 1, 1, 2, 1, 1, 1, 1, 1, 1, 1, 1, 1, 1, 2, 1, 1, 1, 2, 3, 1, 1, 1, 1, 2, 2, 1, 1, 1, 1]",40,0.214814814815,19,1,1,1
"We shall sleep downstairs to-night, and take the boat home to-morrow.","[2, 5, 5, 10, 8, 3, 4, 3, 4, 4, 9]",57,"[1, 1, 1, 2, 2, 1, 1, 1, 1, 1, 3]",15,0.0,14,0,0,3
"I quite enjoy the room, now it is bare again.","[1, 5, 5, 3, 4, 3, 2, 2, 4, 5]",34,"[1, 1, 2, 1, 1, 1, 1, 1, 1, 2]",12,0.225,16,0,0,3
How those children did tear about here!,"[3, 5, 8, 3, 4, 5, 4]",32,"[1, 1, 2, 1, 2, 2, 1]",10,0.0,17,0,0,3
This bedstead is fairly gnawed!,"[4, 8, 2, 6, 6]",26,"[1, 3, 1, 2, 1]",8,0.875,3,2,2,0
But I must get to work.,"[3, 1, 4, 3, 2, 4]",17,"[1, 1, 1, 1, 1, 1]",6,0.0,0,0,0,3
I have locked the door and thrown the key down into the front path.,"[1, 4, 6, 3, 4, 3, 6, 3, 3, 4, 4, 3, 5, 4]",53,"[1, 1, 1, 1, 1, 1, 1, 1, 1, 1, 2, 1, 1, 1]",15,-0.0777777777778,14,0,0,3
"I don't want to go out, and I don't want to have anybody come in, till John comes.","[1, 2, 3, 4, 2, 2, 3, 3, 1, 2, 3, 4, 2, 4, 7, 4, 2, 4, 4, 5]",62,"[1, 1, 0, 1, 1, 1, 1, 1, 1, 1, 0, 1, 1, 1, 4, 1, 1, 1, 1, 1]",21,0.0,2,0,0,2
I want to astonish him.,"[1, 4, 2, 8, 3]",18,"[1, 1, 1, 3, 1]",7,0.0,0,0,0,3
I've got a rope up here that even Jennie did not find.,"[1, 3, 3, 1, 4, 2, 4, 4, 4, 6, 3, 3, 4]",42,"[1, 0, 1, 1, 1, 1, 1, 1, 2, 2, 1, 1, 1]",14,0.0,14,0,0,3
"If that woman does get out, and tries to get away, I can tie her!","[2, 4, 5, 4, 3, 3, 3, 5, 2, 3, 4, 1, 3, 3, 3]",48,"[1, 1, 2, 0, 1, 1, 1, 1, 1, 1, 2, 1, 1, 1, 1]",16,-0.125,14,0,0,3
But I forgot I could not reach far without anything to stand on!,"[3, 1, 6, 1, 5, 3, 5, 3, 7, 8, 2, 5, 2]",51,"[1, 1, 2, 1, 1, 1, 2, 1, 2, 3, 1, 1, 1]",18,0.125,8,0,0,3
This bed will NOT move!,"[4, 3, 4, 3, 4]",18,"[1, 0, 1, 1, 1]",4,0.0,0,0,0,3
"I tried to lift and push it until I was lame, and then I got so angry I bit off a little piece at one corner--but it hurt my teeth.","[1, 5, 2, 4, 3, 4, 2, 5, 1, 3, 4, 3, 4, 1, 3, 2, 5, 1, 3, 3, 1, 6, 5, 2, 3, 6, 3, 2, 4, 2, 5]",98,"[1, 1, 1, 1, 1, 1, 1, 2, 1, 1, 1, 1, 1, 1, 1, 1, 2, 1, 1, 1, 1, 1, 2, 1, 1, 2, 1, 1, 1, 1, 1]",35,-0.395833333333,10,1,1,2
Then I peeled off all the paper I could reach standing on the floor.,"[4, 1, 6, 3, 3, 3, 5, 1, 5, 5, 8, 2, 3, 5]",54,"[1, 1, 1, 1, 1, 1, 2, 1, 1, 2, 2, 1, 1, 1]",17,0.0,14,0,0,3
It sticks horribly and the pattern just enjoys it!,"[2, 6, 8, 3, 3, 7, 4, 6, 2]",41,"[1, 1, 3, 1, 1, 2, 1, 2, 1]",13,-1.0,11,0,0,4
All those strangled heads and bulbous eyes and waddling fungus growths just shriek with derision!,"[3, 5, 9, 5, 3, 7, 4, 3, 8, 6, 7, 4, 6, 4, 8]",82,"[1, 1, 1, 2, 1, 2, 0, 1, 2, 2, 1, 1, 2, 1, 3]",21,0.0,2,0,0,2
I am getting angry enough to do something desperate.,"[1, 2, 7, 5, 6, 2, 2, 9, 9]",43,"[1, 1, 2, 2, 2, 1, 1, 3, 3]",16,-0.366666666667,6,0,0,4
"To jump out of the window would be admirable exercise, but the bars are too strong even to try.","[2, 4, 3, 2, 3, 6, 5, 2, 9, 8, 3, 3, 4, 3, 3, 6, 4, 2, 3]",75,"[1, 1, 1, 1, 1, 2, 1, 1, 3, 3, 1, 1, 1, 1, 1, 1, 2, 1, 1]",25,0.433333333333,7,2,2,0
Besides I wouldn't do it.,"[7, 1, 5, 3, 2, 2]",20,"[2, 1, 1, 0, 1, 1]",6,0.0,0,0,0,3
Of course not.,"[2, 6, 3]",11,"[1, 1, 1]",3,0.0,0,0,0,3
I know well enough that a step like that is improper and might be misconstrued.,"[1, 4, 4, 6, 4, 1, 4, 4, 4, 2, 8, 3, 5, 2, 12]",64,"[1, 1, 1, 2, 1, 1, 1, 1, 1, 1, 3, 1, 1, 1, 2]",19,0.0,14,0,0,2
"I don't like to LOOK out of the windows even--there are so many of those creeping women, and they creep so fast.","[1, 2, 3, 4, 2, 4, 3, 2, 3, 7, 4, 5, 3, 2, 4, 2, 5, 8, 5, 3, 4, 5, 2, 4]",87,"[1, 1, 0, 1, 1, 1, 1, 1, 1, 2, 2, 1, 1, 1, 2, 1, 1, 2, 2, 1, 1, 1, 1, 1]",28,0.35,7,2,2,2
I wonder if they all come out of that wall-paper as I did?,"[1, 6, 2, 4, 3, 4, 3, 2, 4, 10, 2, 1, 3]",45,"[1, 2, 1, 1, 1, 1, 1, 1, 1, 3, 1, 1, 1]",16,0.0,14,0,0,3
But I am securely fastened now by my well-hidden rope--you don't get ME out in the road there!,"[3, 1, 2, 8, 8, 3, 2, 2, 11, 4, 3, 2, 3, 3, 2, 3, 2, 3, 4, 5]",74,"[1, 1, 1, 4, 2, 1, 1, 1, 3, 1, 1, 1, 0, 1, 1, 1, 1, 1, 1, 1]",25,0.5,7,2,2,0
"I suppose I shall have to get back behind the pattern when it comes night, and that is hard!","[1, 7, 1, 5, 4, 2, 3, 4, 6, 3, 7, 4, 2, 5, 5, 3, 4, 2, 4]",72,"[1, 2, 1, 1, 1, 1, 1, 1, 2, 1, 2, 1, 1, 1, 1, 1, 1, 1, 1]",22,-0.254861111111,6,0,0,2
It is so pleasant to be out in this great room and creep around as I please!,"[2, 2, 2, 8, 2, 2, 3, 2, 4, 5, 4, 3, 5, 6, 2, 1, 6]",59,"[1, 1, 1, 3, 1, 1, 1, 1, 1, 2, 1, 1, 1, 2, 1, 1, 2]",22,0.866666666667,18,2,2,0
I don't want to go outside.,"[1, 2, 3, 4, 2, 2, 7]",21,"[1, 1, 0, 1, 1, 1, 2]",7,0.0,0,0,0,3
"I won't, even if Jennie asks me to.","[1, 2, 3, 4, 2, 6, 4, 2, 2]",26,"[1, 1, 0, 2, 1, 2, 1, 1, 1]",10,0.0,17,0,0,3
"For outside you have to creep on the ground, and everything is green instead of yellow.","[3, 7, 3, 4, 2, 5, 2, 3, 6, 3, 10, 2, 5, 7, 2, 6]",70,"[1, 2, 1, 1, 1, 1, 1, 1, 1, 1, 4, 1, 1, 3, 1, 2]",23,-0.0666666666667,2,0,0,2
"But here I can creep smoothly on the floor, and my shoulder just fits in that long smooch around the wall, so I cannot lose my way.","[3, 4, 1, 3, 5, 8, 2, 3, 5, 3, 2, 8, 4, 4, 2, 4, 4, 6, 6, 3, 4, 2, 1, 3, 3, 4, 2, 3]",102,"[1, 1, 1, 1, 1, 2, 1, 1, 1, 1, 1, 2, 1, 1, 1, 1, 1, 1, 2, 1, 1, 1, 1, 1, 1, 1, 1, 1]",31,0.175,15,1,1,2
Why there's John at the door!,"[3, 5, 2, 4, 2, 3, 4]",23,"[1, 1, 0, 1, 1, 1, 1]",6,0.0,0,0,0,3
"It is no use, young man, you can't open it!","[2, 2, 2, 3, 5, 3, 3, 2, 3, 4, 2]",31,"[1, 1, 1, 1, 1, 1, 1, 1, 0, 2, 1]",11,0.05,17,0,0,3
How he does call and pound!,"[3, 2, 4, 4, 3, 5]",21,"[1, 1, 0, 1, 1, 1]",5,0.0,0,0,0,3
Now he's crying for an axe.,"[3, 2, 2, 6, 3, 2, 3]",21,"[1, 1, 0, 1, 1, 1, 1]",6,-0.2,0,0,0,3
It would be a shame to break down that beautiful door!,"[2, 5, 2, 1, 5, 2, 5, 4, 4, 9, 4]",43,"[1, 1, 1, 1, 1, 1, 2, 1, 1, 4, 1]",15,0.422222222222,9,2,2,0
"""John dear!""","[4, 4]",8,"[1, 2]",3,0.0,0,0,0,3
"said I in the gentlest voice, ""the key is down by the front steps, under a plantain leaf!""","[4, 1, 2, 3, 8, 5, 3, 3, 2, 4, 2, 3, 5, 5, 5, 1, 8, 4]",68,"[1, 1, 1, 1, 2, 1, 1, 1, 1, 1, 1, 1, 1, 1, 2, 1, 2, 2]",22,-0.0972222222222,2,0,0,2
That silenced him for a few moments.,"[4, 8, 3, 3, 1, 3, 7]",29,"[1, 2, 1, 1, 1, 1, 2]",9,-0.2,17,0,0,3
"Then he said--very quietly indeed, ""Open the door, my darling!""","[4, 2, 4, 4, 7, 6, 4, 3, 4, 2, 7]",47,"[1, 1, 1, 2, 3, 1, 2, 1, 1, 1, 2]",16,0.0,14,0,0,3
"""I can't,"" said I.","[1, 2, 3, 4, 1]",11,"[1, 1, 0, 1, 1]",4,0.0,0,0,0,3
"""The key is down by the front door under a plantain leaf!""","[3, 3, 2, 4, 2, 3, 5, 4, 5, 1, 8, 4]",44,"[1, 1, 1, 1, 1, 1, 1, 1, 2, 1, 2, 2]",15,-0.0972222222222,14,0,0,3
"And then I said it again, several times, very gently and slowly, and said it so often that he had to go and see, and he got it of course, and came in.","[3, 4, 1, 4, 2, 5, 7, 5, 4, 6, 3, 6, 3, 4, 2, 2, 5, 4, 2, 3, 2, 2, 3, 3, 3, 2, 3, 2, 2, 6, 3, 4, 2]",112,"[1, 1, 1, 1, 1, 2, 3, 1, 2, 2, 1, 2, 1, 1, 1, 1, 2, 1, 1, 1, 1, 1, 1, 1, 1, 1, 1, 1, 1, 1, 1, 1, 1]",40,-0.0133333333333,1,1,1,1
He stopped short by the door.,"[2, 7, 5, 2, 3, 4]",23,"[1, 1, 1, 1, 1, 1]",6,0.0,0,0,0,3
"""What is the matter?""","[4, 2, 3, 6]",15,"[1, 1, 1, 2]",5,0.0,0,0,0,3
he cried.,"[2, 5]",7,"[1, 1]",2,0.0,0,0,0,3
"""For God's sake, what are you doing!""","[3, 3, 2, 4, 4, 3, 3, 5]",27,"[1, 1, 0, 1, 1, 1, 1, 1]",7,0.0,17,0,0,3
"I kept on creeping just the same, but I looked at him over my shoulder.","[1, 4, 2, 8, 4, 3, 4, 3, 1, 6, 2, 3, 4, 2, 8]",55,"[1, 1, 1, 2, 1, 1, 1, 1, 1, 1, 1, 1, 2, 1, 2]",18,0.0,14,0,0,3
"""I've got out at last,"" said I, ""in spite of you and Jane.","[1, 3, 3, 3, 2, 4, 4, 1, 2, 5, 2, 3, 3, 4]",40,"[1, 0, 1, 1, 1, 1, 1, 1, 1, 1, 1, 1, 1, 1]",13,0.0,17,0,0,3
"And I've pulled off most of the paper, so you can't put me back!""","[3, 1, 3, 6, 3, 4, 2, 3, 5, 2, 3, 2, 3, 3, 2, 4]",49,"[1, 1, 0, 1, 1, 1, 1, 1, 2, 1, 1, 1, 0, 1, 1, 1]",15,0.25,8,2,2,3
Now why should that man have fainted?,"[3, 3, 6, 4, 3, 4, 7]",30,"[1, 1, 1, 1, 1, 1, 1]",7,0.0,17,0,0,3
"But he did, and right across my path by the wall, so that I had to creep over him every time!     ","[3, 2, 3, 3, 5, 6, 2, 4, 2, 3, 4, 2, 4, 1, 3, 2, 5, 4, 3, 5, 4]",70,"[1, 1, 1, 1, 1, 2, 1, 1, 1, 1, 1, 1, 1, 1, 1, 1, 1, 2, 1, 3, 1]",25,0.357142857143,7,2,2,2
